0
00
000
0000
00000
000000
000000000
0000000000
0000000009
0000000015
0000000016
0000000017
0000000044
0000000058
0000000115
0000000233
0000000288
0000000340
0000000416
0000000436
0000000496
0000000533
0000000573
0000000576
0000000593
0000000596
0000000606
0000000616
0000000628
0000000636
0000000637
0000000639
0000000647
0000000656
0000000660
0000000667
0000000668
0000000670
0000000676
0000000684
0000000690
0000000716
0000000720
0000000727
0000000731
0000000747
0000000756
0000000760
0000000767
0000000773
0000000779
0000000780
0000000787
0000000791
0000000792
0000000796
0000000805
0000000807
0000000808
0000000820
0000000827
0000000828
0000000835
0000000840
0000000842
0000000852
0000000855
0000000857
0000000860
0000000867
0000000870
0000000876
0000000883
0000000888
0000000892
0000000896
0000000900
0000000916
0000000922
0000000927
0000000929
0000000934
0000000936
0000000943
0000000944
0000000956
0000000960
0000000963
0000000967
0000000976
0000000980
0000000983
0000000985
0000000993
0000000995
0000000996
0000001004
0000001008
0000001010
0000001012
0000001014
0000001016
0000001020
0000001022
0000001024
0000001025
0000001026
0000001027
0000001028
0000001029
0000001031
0000001038
0000001040
0000001041
0000001043
0000001047
0000001050
0000001051
0000001052
0000001053
0000001055
0000001056
0000001057
0000001058
0000001059
0000001060
0000001069
0000001071
0000001072
0000001076
0000001080
0000001085
0000001086
0000001087
0000001088
0000001089
0000001091
0000001092
0000001094
0000001096
0000001103
0000001104
0000001105
0000001106
0000001107
0000001108
0000001113
0000001117
0000001118
0000001119
0000001126
0000001128
0000001131
0000001134
0000001135
0000001137
0000001139
0000001142
0000001146
0000001149
0000001150
0000001153
0000001159
0000001161
0000001163
0000001164
0000001166
0000001169
0000001170
0000001171
0000001176
0000001177
0000001178
0000001179
0000001180
0000001181
0000001182
0000001185
0000001187
0000001188
0000001191
0000001192
0000001193
0000001194
0000001196
0000001197
0000001204
0000001206
0000001207
0000001208
0000001209
0000001210
0000001211
0000001213
0000001215
0000001217
0000001223
0000001224
0000001231
0000001233
0000001236
0000001238
0000001239
0000001240
0000001241
0000001245
0000001246
0000001247
0000001248
0000001252
0000001255
0000001257
0000001258
0000001259
0000001266
0000001268
0000001270
0000001271
0000001272
0000001276
0000001277
0000001278
0000001279
0000001280
0000001282
0000001283
0000001288
0000001289
0000001290
0000001291
0000001292
0000001296
0000001297
0000001298
0000001303
0000001307
0000001312
0000001313
0000001314
0000001316
0000001317
0000001321
0000001322
0000001324
0000001328
0000001329
0000001331
0000001332
0000001334
0000001338
0000001340
0000001342
0000001351
0000001353
0000001356
0000001357
0000001358
0000001360
0000001361
0000001362
0000001363
0000001367
0000001369
0000001371
0000001372
0000001381
0000001384
0000001385
0000001386
0000001387
0000001393
0000001394
0000001395
0000001396
0000001397
0000001399
00000014
0000001404
0000001408
0000001413
0000001414
0000001415
0000001416
0000001418
0000001419
0000001420
0000001422
0000001423
0000001425
0000001428
0000001429
0000001430
0000001431
0000001432
0000001433
0000001434
0000001435
0000001436
0000001437
0000001438
0000001441
0000001442
0000001443
0000001444
0000001445
0000001446
0000001449
0000001450
0000001451
0000001456
0000001457
0000001461
0000001464
0000001465
0000001467
0000001470
0000001471
0000001472
0000001473
0000001475
0000001477
0000001478
0000001480
0000001481
0000001482
0000001487
0000001489
0000001490
0000001492
0000001494
0000001496
0000001497
0000001499
0000001503
0000001523
0000001524
0000001533
0000001537
0000001538
0000001541
0000001542
0000001543
0000001544
0000001550
0000001553
0000001554
0000001555
0000001559
0000001560
0000001562
0000001566
0000001567
0000001569
0000001572
0000001574
0000001581
0000001589
0000001590
0000001591
0000001593
0000001594
0000001598
0000001600
0000001601
0000001608
0000001611
0000001615
0000001616
0000001617
0000001618
0000001621
0000001623
0000001624
0000001625
0000001628
0000001630
0000001631
0000001632
0000001633
0000001637
0000001639
0000001641
0000001642
0000001643
0000001652
0000001653
0000001663
0000001665
0000001666
0000001671
0000001672
0000001674
0000001676
0000001677
0000001684
0000001685
0000001687
0000001690
0000001691
0000001692
0000001693
0000001697
0000001700
0000001705
0000001706
0000001710
0000001712
0000001713
0000001714
0000001715
0000001720
0000001722
0000001723
0000001725
0000001730
0000001734
0000001735
0000001736
0000001737
0000001741
0000001742
0000001746
0000001748
0000001750
0000001754
0000001760
0000001761
0000001772
0000001774
0000001775
0000001776
0000001777
0000001781
0000001783
0000001784
0000001785
0000001787
0000001789
0000001791
0000001795
0000001801
0000001810
0000001812
0000001813
0000001818
0000001819
0000001820
0000001821
0000001824
0000001825
0000001826
0000001827
0000001828
0000001829
0000001834
0000001835
0000001836
0000001838
0000001842
0000001843
0000001850
0000001854
0000001855
0000001856
0000001857
0000001861
0000001863
0000001864
0000001868
0000001871
0000001873
0000001874
0000001876
0000001878
0000001881
0000001882
0000001886
0000001895
0000001899
0000001900
0000001903
0000001911
0000001913
0000001915
0000001916
0000001917
0000001919
0000001937
0000001938
0000001940
0000001942
0000001943
0000001944
0000001945
0000001946
0000001949
0000001953
0000001955
0000001957
0000001959
0000001965
0000001966
0000001968
0000001969
0000001971
0000001973
0000001976
0000001979
0000001984
0000001985
0000001986
0000001987
0000001992
0000001993
0000001994
0000001996
0000002000
0000002004
0000002012
0000002020
0000002028
0000002029
0000002031
0000002034
0000002038
0000002040
0000002042
0000002045
0000002049
0000002055
0000002057
0000002059
0000002066
0000002068
0000002073
0000002075
0000002076
0000002077
0000002087
0000002089
0000002093
0000002096
0000002099
0000002102
0000002105
0000002106
0000002111
0000002112
0000002113
0000002114
0000002116
0000002118
0000002122
0000002124
0000002130
0000002131
0000002135
0000002138
0000002139
0000002146
0000002149
0000002150
0000002158
0000002159
0000002160
0000002161
0000002169
0000002170
0000002175
0000002177
0000002180
0000002182
0000002184
0000002186
0000002188
0000002189
0000002194
0000002195
0000002200
0000002201
0000002202
0000002212
0000002216
0000002228
0000002230
0000002231
0000002233
0000002235
0000002243
0000002244
0000002246
0000002250
0000002254
0000002259
0000002264
0000002272
0000002277
0000002279
0000002280
0000002284
0000002291
0000002300
0000002304
0000002307
0000002321
0000002325
0000002326
0000002327
0000002331
0000002335
0000002337
0000002343
0000002346
0000002353
0000002356
0000002357
0000002363
0000002365
0000002379
0000002381
0000002392
0000002396
0000002398
0000002400
0000002401
0000002403
0000002404
0000002405
0000002407
0000002409
0000002413
0000002414
0000002416
0000002420
0000002421
0000002422
0000002430
0000002432
0000002434
0000002435
0000002436
0000002437
0000002438
0000002439
0000002441
0000002442
0000002443
0000002444
0000002445
0000002448
0000002452
0000002453
0000002454
0000002455
0000002456
0000002475
0000002476
0000002477
0000002478
0000002488
0000002490
0000002493
0000002494
0000002504
0000002505
0000002509
0000002513
0000002521
0000002525
0000002526
0000002530
0000002531
0000002536
0000002538
0000002539
0000002540
0000002546
0000002552
0000002558
0000002559
0000002562
0000002563
0000002565
0000002566
0000002571
0000002572
0000002574
0000002581
0000002586
0000002587
0000002594
0000002595
0000002598
0000002602
0000002603
0000002604
0000002605
0000002606
0000002611
0000002614
0000002616
0000002618
0000002620
0000002624
0000002625
0000002627
0000002628
0000002629
0000002632
0000002637
0000002638
0000002639
0000002643
0000002644
0000002645
0000002648
0000002651
0000002652
0000002658
0000002659
0000002661
0000002664
0000002667
0000002669
0000002670
0000002674
0000002678
0000002680
0000002682
0000002683
0000002684
0000002685
0000002687
0000002689
0000002694
0000002696
0000002701
0000002702
0000002704
0000002706
0000002710
0000002711
0000002724
0000002726
0000002728
0000002730
0000002733
0000002736
0000002737
0000002739
0000002747
0000002748
0000002749
0000002754
0000002760
0000002762
0000002767
0000002772
0000002781
0000002787
0000002797
0000002802
0000002808
0000002819
0000002826
0000002829
0000002832
0000002833
0000002834
0000002842
0000002852
0000002853
0000002857
0000002863
0000002872
0000002875
0000002877
0000002878
0000002879
0000002880
0000002885
0000002886
0000002887
0000002893
0000002897
0000002900
0000002904
0000002906
0000002907
0000002912
0000002920
0000002924
0000002925
0000002927
0000002928
0000002929
0000002931
0000002936
0000002937
0000002938
0000002939
0000002944
0000002946
0000002954
0000002965
0000002967
0000002969
0000002971
0000002974
0000002978
0000002979
0000002980
0000002982
0000002988
0000002989
0000002990
0000002996
0000002997
0000002998
0000003002
0000003003
0000003006
0000003007
0000003013
0000003014
0000003015
0000003023
0000003024
0000003027
0000003038
0000003047
0000003048
0000003049
0000003053
0000003056
0000003065
0000003067
0000003068
0000003073
0000003088
0000003089
0000003095
0000003097
0000003105
0000003110
0000003116
0000003119
0000003120
0000003122
0000003127
0000003128
0000003129
0000003130
0000003135
0000003141
0000003144
0000003148
0000003149
0000003150
0000003152
0000003156
0000003167
0000003189
0000003193
0000003194
0000003198
0000003199
0000003203
0000003207
0000003209
0000003214
0000003217
0000003219
0000003221
0000003225
0000003228
0000003230
0000003231
0000003239
0000003240
0000003243
0000003244
0000003251
0000003253
0000003256
0000003264
0000003268
0000003269
0000003271
0000003278
0000003283
0000003288
0000003290
0000003292
0000003295
0000003297
0000003307
0000003308
0000003309
0000003310
0000003311
0000003313
0000003323
0000003329
0000003333
0000003335
0000003336
0000003343
0000003345
0000003347
0000003349
0000003350
0000003357
0000003362
0000003363
0000003368
0000003371
0000003380
0000003384
0000003394
0000003398
0000003400
0000003405
0000003410
0000003412
0000003418
0000003424
0000003427
0000003436
0000003440
0000003447
0000003449
0000003454
0000003459
0000003463
0000003466
0000003478
0000003493
0000003498
0000003499
0000003502
0000003509
0000003514
0000003520
0000003521
0000003532
0000003537
0000003543
0000003546
0000003548
0000003550
0000003553
0000003572
0000003575
0000003588
0000003589
0000003591
0000003599
0000003602
0000003606
0000003608
0000003609
0000003611
0000003618
0000003621
0000003626
0000003628
0000003629
0000003635
0000003640
0000003650
0000003660
0000003661
0000003668
0000003683
0000003686
0000003688
0000003692
0000003700
0000003705
0000003712
0000003722
0000003726
0000003730
0000003738
0000003745
0000003757
0000003763
0000003772
0000003779
0000003790
0000003794
0000003795
0000003796
0000003805
0000003816
0000003818
0000003824
0000003831
0000003832
0000003833
0000003834
0000003840
0000003843
0000003851
0000003852
0000003857
0000003874
0000003893
0000003895
0000003899
0000003901
0000003909
0000003913
0000003929
0000003934
0000003936
0000003937
0000003940
0000003941
0000003944
0000003950
0000003962
0000003963
0000003965
0000003969
0000003971
0000003987
0000003988
0000003989
0000004005
0000004010
0000004011
0000004012
0000004017
0000004020
0000004023
0000004024
0000004032
0000004043
0000004060
0000004068
0000004076
0000004086
0000004087
0000004094
0000004096
0000004101
0000004103
0000004110
0000004111
0000004115
0000004123
0000004129
0000004131
0000004132
0000004133
0000004135
0000004139
0000004140
0000004147
0000004148
0000004158
0000004159
0000004166
0000004169
0000004176
0000004177
0000004181
0000004183
0000004193
0000004196
0000004218
0000004223
0000004231
0000004246
0000004270
0000004281
0000004288
0000004290
0000004297
0000004310
0000004314
0000004320
0000004325
0000004333
0000004343
0000004347
0000004351
0000004358
0000004359
0000004360
0000004362
0000004370
0000004374
0000004380
0000004390
0000004391
0000004395
0000004398
0000004403
0000004406
0000004412
0000004415
0000004417
0000004421
0000004428
0000004431
0000004434
0000004435
0000004439
0000004443
0000004455
0000004457
0000004464
0000004473
0000004499
0000004500
0000004508
0000004512
0000004514
0000004523
0000004525
0000004542
0000004547
0000004563
0000004568
0000004571
0000004577
0000004578
0000004581
0000004584
0000004585
0000004587
0000004597
0000004599
0000004604
0000004609
0000004610
0000004615
0000004636
0000004637
0000004642
0000004644
0000004655
0000004662
0000004667
0000004670
0000004685
0000004692
0000004696
0000004698
0000004703
0000004705
0000004706
0000004712
0000004732
0000004733
0000004734
0000004738
0000004743
0000004744
0000004749
0000004760
0000004767
0000004770
0000004781
0000004784
0000004798
0000004800
0000004807
0000004813
0000004817
0000004825
0000004829
0000004840
0000004843
0000004848
0000004860
0000004863
0000004864
0000004869
0000004889
0000004890
0000004892
0000004894
0000004904
0000004910
0000004911
0000004915
0000004918
0000004921
0000004923
0000004925
0000004930
0000004936
0000004940
0000004946
0000004956
0000004959
0000004963
0000004965
0000004968
0000004973
0000004974
0000004979
0000004987
0000004992
0000004993
0000004994
0000004997
0000005003
0000005009
0000005015
0000005018
0000005028
0000005034
0000005037
0000005046
0000005057
0000005080
0000005084
0000005091
0000005092
0000005098
0000005111
0000005112
0000005116
0000005136
0000005137
0000005139
0000005144
0000005148
0000005150
0000005157
0000005159
0000005162
0000005172
0000005177
0000005179
0000005180
0000005183
0000005184
0000005194
0000005215
0000005223
0000005225
0000005227
0000005239
0000005247
0000005256
0000005266
0000005271
0000005276
0000005277
0000005279
0000005294
0000005296
0000005316
0000005319
0000005326
0000005333
0000005348
0000005349
0000005351
0000005356
0000005360
0000005361
0000005373
0000005383
0000005388
0000005397
0000005402
0000005406
0000005408
0000005412
0000005420
0000005437
0000005441
0000005450
0000005458
0000005459
0000005466
0000005467
0000005473
0000005479
0000005484
0000005488
0000005490
0000005492
0000005501
0000005508
0000005520
0000005522
0000005529
0000005535
0000005540
0000005543
0000005544
0000005552
0000005555
0000005562
0000005563
0000005574
0000005577
0000005591
0000005596
0000005603
0000005605
0000005609
0000005610
0000005612
0000005619
0000005622
0000005625
0000005633
0000005634
0000005638
0000005646
0000005649
0000005659
0000005663
0000005684
0000005688
0000005695
0000005702
0000005703
0000005706
0000005708
0000005729
0000005735
0000005755
0000005759
0000005778
0000005782
0000005795
0000005808
0000005809
0000005817
0000005820
0000005825
0000005833
0000005839
0000005848
0000005849
0000005857
0000005858
0000005861
0000005867
0000005888
0000005894
0000005899
0000005903
0000005907
0000005909
0000005910
0000005914
0000005915
0000005926
0000005939
0000005941
0000005949
0000005955
0000005956
0000005960
0000005962
0000005967
0000005972
0000005973
0000005983
0000005994
0000006001
0000006003
0000006007
0000006017
0000006018
0000006019
0000006020
0000006031
0000006033
0000006042
0000006049
0000006056
0000006059
0000006061
0000006067
0000006073
0000006086
0000006095
0000006103
0000006113
0000006116
0000006120
0000006122
0000006124
0000006126
0000006128
0000006131
0000006136
0000006140
0000006145
0000006171
0000006174
0000006177
0000006179
0000006203
0000006205
0000006209
0000006230
0000006232
0000006235
0000006250
0000006254
0000006257
0000006258
0000006262
0000006279
0000006284
0000006285
0000006307
0000006310
0000006322
0000006324
0000006325
0000006338
0000006341
0000006343
0000006348
0000006352
0000006367
0000006368
0000006373
0000006375
0000006382
0000006391
0000006397
0000006401
0000006407
0000006441
0000006444
0000006463
0000006467
0000006470
0000006471
0000006478
0000006480
0000006482
0000006486
0000006491
0000006497
0000006499
0000006500
0000006513
0000006514
0000006535
0000006536
0000006540
0000006543
0000006544
0000006550
0000006553
0000006558
0000006559
0000006567
0000006570
0000006600
0000006603
0000006604
0000006609
0000006610
0000006621
0000006631
0000006638
0000006644
0000006654
0000006656
0000006677
0000006693
0000006694
0000006706
0000006709
0000006723
0000006733
0000006735
0000006738
0000006756
0000006759
0000006762
0000006770
0000006780
0000006795
0000006796
0000006813
0000006815
0000006823
0000006839
0000006842
0000006843
0000006844
0000006860
0000006868
0000006880
0000006895
0000006899
0000006901
0000006910
0000006915
0000006921
0000006924
0000006937
0000006959
0000006961
0000006964
0000006974
0000006982
0000006983
0000007000
0000007003
0000007008
0000007020
0000007024
0000007027
0000007028
0000007033
0000007037
0000007056
0000007077
0000007079
0000007080
0000007098
0000007109
0000007113
0000007118
0000007119
0000007128
0000007129
0000007133
0000007136
0000007141
0000007151
0000007152
0000007165
0000007173
0000007175
0000007176
0000007185
0000007186
0000007195
0000007197
0000007198
0000007199
0000007202
0000007210
0000007215
0000007216
0000007228
0000007235
0000007239
0000007240
0000007255
0000007265
0000007266
0000007270
0000007281
0000007290
0000007292
0000007316
0000007326
0000007330
0000007332
0000007333
0000007338
0000007339
0000007342
0000007343
0000007345
0000007361
0000007362
0000007370
0000007371
0000007388
0000007393
0000007395
0000007398
0000007405
0000007411
0000007418
0000007422
0000007423
0000007425
0000007435
0000007437
0000007446
0000007448
0000007451
0000007488
0000007489
0000007499
0000007504
0000007513
0000007518
0000007527
0000007546
0000007554
0000007557
0000007575
0000007582
0000007609
0000007610
0000007611
0000007613
0000007615
0000007633
0000007634
0000007638
0000007640
0000007647
0000007656
0000007661
0000007663
0000007666
0000007667
0000007670
0000007671
0000007673
0000007677
0000007682
0000007683
0000007696
0000007699
0000007702
0000007703
0000007706
0000007707
0000007711
0000007713
0000007716
0000007717
0000007720
0000007725
0000007728
0000007734
0000007735
0000007745
0000007747
0000007755
0000007756
0000007757
0000007762
0000007763
0000007764
0000007765
0000007767
0000007775
0000007781
0000007786
0000007791
0000007792
0000007795
0000007796
0000007818
0000007823
0000007829
0000007853
0000007863
0000007866
0000007873
0000007876
0000007878
0000007881
0000007886
0000007889
0000007892
0000007894
0000007896
0000007902
0000007903
0000007910
0000007912
0000007914
0000007915
0000007916
0000007926
0000007931
0000007932
0000007934
0000007940
0000007968
0000007982
0000007992
0000007997
0000008000
0000008003
0000008011
0000008016
0000008021
0000008029
0000008031
0000008032
0000008051
0000008052
0000008059
0000008063
0000008068
0000008069
0000008073
0000008074
0000008075
0000008076
0000008084
0000008085
0000008087
0000008088
0000008091
0000008093
0000008104
0000008110
0000008116
0000008119
0000008121
0000008126
0000008127
0000008129
0000008136
0000008138
0000008144
0000008147
0000008150
0000008151
0000008161
0000008166
0000008171
0000008179
0000008182
0000008187
0000008188
0000008197
0000008205
0000008209
0000008224
0000008226
0000008234
0000008236
0000008242
0000008243
0000008246
0000008251
0000008253
0000008256
0000008257
0000008259
0000008261
0000008262
0000008265
0000008270
0000008276
0000008285
0000008287
0000008301
0000008302
0000008308
0000008309
0000008312
0000008324
0000008329
0000008351
0000008364
0000008366
0000008375
0000008383
0000008385
0000008395
0000008402
0000008407
0000008411
0000008413
0000008429
0000008434
0000008439
0000008443
0000008446
0000008447
0000008449
0000008454
0000008460
0000008461
0000008484
0000008485
0000008489
0000008500
0000008503
0000008505
0000008506
0000008510
0000008511
0000008521
0000008522
0000008531
0000008532
0000008540
0000008546
0000008550
0000008558
0000008560
0000008563
0000008585
0000008586
0000008592
0000008596
0000008601
0000008603
0000008609
0000008610
0000008618
0000008624
0000008636
0000008637
0000008649
0000008651
0000008654
0000008677
0000008682
0000008691
0000008697
0000008700
0000008707
0000008712
0000008731
0000008735
0000008743
0000008760
0000008765
0000008767
0000008785
0000008787
0000008788
0000008792
0000008794
0000008795
0000008796
0000008797
0000008798
0000008802
0000008810
0000008816
0000008822
0000008823
0000008825
0000008826
0000008828
0000008836
0000008839
0000008843
0000008845
0000008867
0000008868
0000008869
0000008875
0000008876
0000008881
0000008883
0000008886
0000008889
0000008895
0000008896
0000008899
0000008900
0000008902
0000008905
0000008906
0000008912
0000008921
0000008922
0000008924
0000008940
0000008942
0000008945
0000008946
0000008947
0000008948
0000008949
0000008951
0000008956
0000008959
0000008964
0000008969
0000008971
0000008972
0000008974
0000008976
0000008978
0000008987
0000008992
0000008995
0000008997
0000009005
0000009018
0000009027
0000009043
0000009047
0000009063
0000009066
0000009070
0000009072
0000009074
0000009085
0000009086
0000009087
0000009096
0000009102
0000009109
0000009117
0000009119
0000009120
0000009124
0000009130
0000009134
0000009141
0000009143
0000009147
0000009151
0000009157
0000009159
0000009161
0000009162
0000009163
0000009181
0000009183
0000009185
0000009193
0000009194
0000009195
0000009196
0000009197
0000009198
0000009202
0000009215
0000009221
0000009235
0000009240
0000009241
0000009243
0000009244
0000009245
0000009258
0000009269
0000009273
0000009275
0000009278
0000009281
0000009285
0000009292
0000009297
0000009308
0000009310
0000009319
0000009323
0000009325
0000009335
0000009366
0000009368
0000009371
0000009373
0000009375
0000009376
0000009395
0000009398
0000009401
0000009402
0000009404
0000009414
0000009415
0000009417
0000009418
0000009439
0000009458
0000009475
0000009481
0000009483
0000009491
0000009493
0000009501
0000009510
0000009515
0000009535
0000009544
0000009550
0000009556
0000009568
0000009589
0000009596
0000009613
0000009615
0000009616
0000009619
0000009625
0000009638
0000009654
0000009667
0000009670
0000009675
0000009681
0000009683
0000009693
0000009694
0000009695
0000009696
0000009698
0000009722
0000009730
0000009739
0000009746
0000009749
0000009751
0000009752
0000009757
0000009762
0000009780
0000009790
0000009812
0000009820
0000009822
0000009823
0000009832
0000009833
0000009839
0000009850
0000009872
0000009875
0000009882
0000009885
0000009887
0000009897
0000009900
0000009905
0000009906
0000009907
0000009910
0000009914
0000009915
0000009937
0000009939
0000009940
0000009951
0000009952
0000009960
0000009982
0000009991
0000009997
000001
0000010000
0000010007
0000010011
0000010012
0000010022
0000010023
0000010040
0000010052
0000010054
0000010055
0000010068
0000010069
0000010073
0000010111
0000010113
0000010121
0000010131
0000010134
0000010146
0000010154
0000010162
0000010163
0000010165
0000010175
0000010178
0000010180
0000010181
0000010199
0000010200
0000010213
0000010222
0000010224
0000010242
0000010246
0000010250
0000010255
0000010260
0000010263
0000010269
0000010291
0000010294
0000010302
0000010306
0000010316
0000010330
0000010333
0000010335
0000010338
0000010352
0000010354
0000010362
0000010363
0000010367
0000010374
0000010382
0000010389
0000010398
0000010404
0000010411
0000010412
0000010415
0000010429
0000010443
0000010461
0000010463
0000010475
0000010480
0000010482
0000010504
0000010506
0000010515
0000010516
0000010518
0000010523
0000010526
0000010538
0000010543
0000010547
0000010551
0000010552
0000010558
0000010562
0000010566
0000010570
0000010571
0000010583
0000010587
0000010592
0000010604
0000010623
0000010640
0000010670
0000010676
0000010681
0000010687
0000010702
0000010724
0000010725
0000010731
0000010733
0000010771
0000010781
0000010782
0000010802
0000010809
0000010812
0000010841
0000010842
0000010844
0000010856
0000010857
0000010859
0000010875
0000010878
0000010879
0000010886
0000010902
0000010909
0000010917
0000010925
0000010935
0000010938
0000010945
0000010947
0000010959
0000010960
0000010972
0000010973
0000010977
0000010984
0000010994
0000010995
0000011016
0000011019
0000011024
0000011037
0000011069
0000011070
0000011079
0000011088
0000011092
0000011095
0000011105
0000011116
0000011128
0000011132
0000011139
0000011141
0000011144
0000011149
0000011152
0000011166
0000011174
0000011189
0000011199
0000011222
0000011252
0000011263
0000011275
0000011277
0000011278
0000011298
0000011299
0000011311
0000011317
0000011330
0000011334
0000011336
0000011346
0000011348
0000011361
0000011373
0000011383
0000011387
0000011392
0000011402
0000011409
0000011428
0000011450
0000011451
0000011466
0000011488
0000011502
0000011516
0000011524
0000011560
0000011564
0000011567
0000011575
0000011599
0000011603
0000011612
0000011618
0000011622
0000011636
0000011637
0000011646
0000011655
0000011693
0000011723
0000011724
0000011730
0000011753
0000011773
0000011775
0000011798
0000011799
0000011800
0000011801
0000011802
0000011842
0000011850
0000011854
0000011857
0000011860
0000011861
0000011862
0000011879
0000011882
0000011905
0000011916
0000011922
0000011924
0000011942
0000011946
0000011959
0000011971
0000011974
0000011979
0000011985
0000011987
0000012002
0000012012
0000012020
0000012024
0000012031
0000012034
0000012039
0000012046
0000012056
0000012062
0000012069
0000012070
0000012077
0000012079
0000012099
0000012100
0000012117
0000012118
0000012119
0000012134
0000012138
0000012139
0000012144
0000012151
0000012155
0000012162
0000012172
0000012187
0000012191
0000012200
0000012203
0000012215
0000012219
0000012234
0000012250
0000012253
0000012254
0000012256
0000012259
0000012280
0000012287
0000012289
0000012290
0000012301
0000012309
0000012322
0000012324
0000012327
0000012336
0000012337
0000012338
0000012357
0000012360
0000012365
0000012374
0000012378
0000012387
0000012392
0000012428
0000012429
0000012440
0000012444
0000012445
0000012448
0000012459
0000012466
0000012470
0000012474
0000012495
0000012509
0000012521
0000012522
0000012563
0000012570
0000012580
0000012602
0000012608
0000012624
0000012635
0000012641
0000012658
0000012662
0000012663
0000012688
0000012690
0000012699
0000012713
0000012719
0000012720
0000012722
0000012728
0000012736
0000012758
0000012761
0000012766
0000012783
0000012787
0000012791
0000012803
0000012808
0000012813
0000012830
0000012837
0000012846
0000012849
0000012865
0000012870
0000012876
0000012893
0000012908
0000012910
0000012916
0000012938
0000012953
0000012954
0000012961
0000012967
0000012991
0000013006
0000013018
0000013020
0000013034
0000013038
0000013061
0000013064
0000013104
0000013113
0000013114
0000013147
0000013177
0000013193
0000013195
0000013207
0000013209
0000013213
0000013231
0000013266
0000013275
0000013299
0000013311
0000013317
0000013342
0000013349
0000013354
0000013355
0000013368
0000013371
0000013381
0000013385
0000013390
0000013393
0000013431
0000013433
0000013436
0000013453
0000013470
0000013495
0000013500
0000013511
0000013515
0000013518
0000013536
0000013561
0000013569
0000013595
0000013606
0000013618
0000013653
0000013674
0000013678
0000013696
0000013700
0000013704
0000013713
0000013752
0000013757
0000013761
0000013768
0000013775
0000013795
0000013818
0000013832
0000013845
0000013849
0000013878
0000013890
0000013900
0000013903
0000013912
0000013942
0000013963
0000013964
0000013986
0000013991
0000014015
0000014027
0000014046
0000014053
0000014057
0000014059
0000014071
0000014072
0000014096
0000014097
0000014130
0000014133
0000014138
0000014144
0000014148
0000014151
0000014222
0000014223
0000014229
0000014230
0000014239
0000014249
0000014264
0000014304
0000014309
0000014334
0000014340
0000014361
0000014387
0000014389
0000014409
0000014413
0000014467
0000014492
0000014518
0000014541
0000014546
0000014555
0000014607
0000014626
0000014634
0000014640
0000014648
0000014655
0000014658
0000014680
0000014687
0000014692
0000014694
0000014706
0000014709
0000014722
0000014741
0000014784
0000014794
0000014800
0000014809
0000014841
0000014842
0000014851
0000014855
0000014862
0000014865
0000014884
0000014900
0000014912
0000014930
0000014939
0000014949
0000014956
0000014963
0000014967
0000014972
0000014979
0000014991
0000014999
0000015002
0000015017
0000015024
0000015029
0000015036
0000015046
0000015047
0000015058
0000015061
0000015067
0000015076
0000015085
0000015097
0000015108
0000015127
0000015143
0000015145
0000015164
0000015177
0000015180
0000015184
0000015218
0000015245
0000015256
0000015258
0000015279
0000015280
0000015295
0000015338
0000015339
0000015349
0000015367
0000015386
0000015418
0000015427
0000015436
0000015439
0000015463
0000015466
0000015483
0000015498
0000015501
0000015507
0000015511
0000015513
0000015517
0000015527
0000015533
0000015539
0000015551
0000015564
0000015579
0000015590
0000015603
0000015606
0000015610
0000015612
0000015636
0000015648
0000015649
0000015660
0000015690
0000015710
0000015733
0000015740
0000015747
0000015753
0000015765
0000015779
0000015789
0000015796
0000015803
0000015847
0000015851
0000015860
0000015864
0000015865
0000015870
0000015877
0000015896
0000015903
0000015911
0000015915
0000015941
0000015942
0000015943
0000015952
0000015955
0000015958
0000015960
0000015962
0000015963
0000015986
0000016012
0000016015
0000016017
0000016022
0000016030
0000016035
0000016037
0000016049
0000016054
0000016069
0000016087
0000016101
0000016125
0000016134
0000016141
0000016145
0000016149
0000016152
0000016181
0000016184
0000016186
0000016187
0000016196
0000016200
0000016208
0000016225
0000016229
0000016232
0000016249
0000016263
0000016276
0000016279
0000016292
0000016293
0000016314
0000016340
0000016343
0000016345
0000016348
0000016368
0000016377
0000016381
0000016399
0000016413
0000016414
0000016417
0000016447
0000016453
0000016454
0000016458
0000016462
0000016468
0000016477
0000016488
0000016501
0000016505
0000016506
0000016508
0000016525
0000016527
0000016544
0000016549
0000016566
0000016570
0000016573
0000016583
0000016588
0000016589
0000016619
0000016633
0000016645
0000016652
0000016659
0000016668
0000016680
0000016686
0000016714
0000016715
0000016727
0000016765
0000016773
0000016785
0000016788
0000016801
0000016815
0000016829
0000016838
0000016843
0000016852
0000016866
0000016872
0000016893
0000016899
0000016902
0000016905
0000016910
0000016912
0000016926
0000016957
0000016981
0000016993
0000017008
0000017013
0000017025
0000017027
0000017029
0000017032
0000017035
0000017041
0000017045
0000017051
0000017076
0000017079
0000017103
0000017114
0000017115
0000017117
0000017118
0000017119
0000017132
0000017137
0000017140
0000017144
0000017154
0000017157
0000017167
0000017178
0000017182
0000017195
0000017201
0000017205
0000017208
0000017211
0000017228
0000017235
0000017236
0000017242
0000017254
0000017257
0000017267
0000017270
0000017276
0000017282
0000017284
0000017290
0000017299
0000017302
0000017303
0000017320
0000017327
0000017335
0000017341
0000017349
0000017351
0000017361
0000017362
0000017364
0000017375
0000017381
0000017382
0000017387
0000017423
0000017424
0000017432
0000017438
0000017442
0000017465
0000017469
0000017473
0000017478
0000017484
0000017490
0000017499
0000017512
0000017514
0000017529
0000017548
0000017551
0000017561
0000017566
0000017569
0000017573
0000017580
0000017582
0000017596
0000017599
0000017602
0000017614
0000017627
0000017630
0000017649
0000017655
0000017665
0000017671
0000017676
0000017677
0000017690
0000017692
0000017693
0000017694
0000017703
0000017708
0000017711
0000017722
0000017727
0000017734
0000017735
0000017740
0000017741
0000017744
0000017759
0000017763
0000017764
0000017771
0000017777
0000017785
0000017788
0000017799
0000017810
0000017812
0000017814
0000017816
0000017824
0000017825
0000017830
0000017837
0000017847
0000017855
0000017859
0000017861
0000017865
0000017871
0000017875
0000017887
0000017890
0000017901
0000017906
0000017912
0000017920
0000017922
0000017926
0000017937
0000017944
0000017949
0000017967
0000017972
0000017984
0000017990
0000017994
0000018006
0000018012
0000018021
0000018032
0000018033
0000018047
0000018049
0000018055
0000018063
0000018067
0000018085
0000018088
0000018093
0000018095
0000018098
0000018108
0000018120
0000018122
0000018124
0000018125
0000018132
0000018143
0000018161
0000018162
0000018167
0000018176
0000018185
0000018203
0000018211
0000018214
0000018219
0000018237
0000018244
0000018249
0000018253
0000018254
0000018255
0000018259
0000018260
0000018271
0000018278
0000018281
0000018292
0000018310
0000018312
0000018313
0000018315
0000018323
0000018332
0000018333
0000018339
0000018347
0000018349
0000018371
0000018377
0000018380
0000018382
0000018395
0000018400
0000018401
0000018423
0000018431
0000018432
0000018437
0000018439
0000018448
0000018455
0000018477
0000018488
0000018489
0000018491
0000018514
0000018523
0000018527
0000018529
0000018580
0000018584
0000018586
0000018589
0000018612
0000018617
0000018629
0000018632
0000018635
0000018640
0000018648
0000018652
0000018699
0000018738
0000018742
0000018743
0000018746
0000018771
0000018773
0000018778
0000018811
0000018847
0000018864
0000018871
0000018883
0000018909
0000018922
0000018925
0000018937
0000018964
0000019006
0000019020
0000019039
0000019044
0000019078
0000019092
0000019099
0000019115
0000019122
0000019129
0000019138
0000019188
0000019205
0000019216
0000019218
0000019219
0000019241
0000019243
0000019255
0000019258
0000019263
0000019283
0000019291
0000019302
0000019306
0000019338
0000019342
0000019351
0000019366
0000019371
0000019385
0000019410
0000019426
0000019499
0000019504
0000019525
0000019532
0000019537
0000019539
0000019547
0000019558
0000019623
0000019629
0000019654
0000019657
0000019662
0000019711
0000019725
0000019727
0000019743
0000019758
0000019759
0000019762
0000019767
0000019772
0000019779
0000019809
0000019821
0000019823
0000019841
0000019850
0000019883
0000019891
0000019900
0000019907
0000019945
0000019974
0000019989
0000019996
0000019998
0000020003
0000020014
0000020021
0000020024
0000020026
0000020043
0000020052
0000020057
0000020075
0000020077
0000020084
0000020095
0000020104
0000020113
0000020118
0000020144
0000020152
0000020178
0000020186
0000020193
0000020223
0000020224
0000020235
0000020241
0000020252
0000020257
0000020266
0000020274
0000020275
0000020299
0000020307
0000020312
0000020316
0000020327
0000020336
0000020350
0000020363
0000020379
0000020380
0000020382
0000020391
0000020396
0000020407
0000020410
0000020412
0000020414
0000020418
0000020442
0000020444
0000020448
0000020461
0000020485
0000020496
0000020498
0000020501
0000020523
0000020528
0000020530
0000020532
0000020538
0000020543
0000020555
0000020557
0000020560
0000020562
0000020564
0000020614
0000020620
0000020628
0000020648
0000020656
0000020658
0000020677
0000020680
0000020682
0000020685
0000020691
0000020700
0000020719
0000020759
0000020764
0000020781
0000020784
0000020792
0000020810
0000020815
0000020834
0000020876
0000020878
0000020882
0000020884
0000020886
0000020903
0000020914
0000020923
0000020935
0000020942
0000020945
0000020963
0000020979
0000021023
0000021072
0000021077
0000021096
0000021135
0000021159
0000021161
0000021211
0000021218
0000021233
0000021246
0000021249
0000021284
0000021293
0000021299
0000021300
0000021317
0000021321
0000021325
0000021333
0000021337
0000021380
0000021403
0000021414
0000021473
0000021483
0000021517
0000021535
0000021542
0000021556
0000021566
0000021572
0000021588
0000021603
0000021610
0000021613
0000021634
0000021636
0000021642
0000021672
0000021686
0000021688
0000021702
0000021756
0000021760
0000021779
0000021806
0000021808
0000021827
0000021851
0000021868
0000021881
0000021925
0000021964
0000021972
0000022008
0000022017
0000022032
0000022038
0000022042
0000022053
0000022054
0000022073
0000022120
0000022128
0000022200
0000022213
0000022250
0000022251
0000022263
0000022275
0000022297
0000022341
0000022374
0000022378
0000022398
0000022409
0000022435
0000022451
0000022534
0000022579
0000022645
0000022666
0000022681
0000022698
0000022702
0000022710
0000022717
0000022720
0000022730
0000022754
0000022780
0000022792
0000022838
0000022842
0000022849
0000022859
0000022867
0000022902
0000022903
0000022979
0000023054
0000023090
0000023117
0000023124
0000023183
0000023191
0000023194
0000023199
0000023205
0000023206
0000023207
0000023224
0000023231
0000023258
0000023262
0000023269
0000023276
0000023280
0000023285
0000023301
0000023346
0000023352
0000023356
0000023363
0000023370
0000023414
0000023428
0000023433
0000023440
0000023480
0000023482
0000023484
0000023489
0000023528
0000023529
0000023550
0000023555
0000023560
0000023572
0000023577
0000023644
0000023711
0000023722
0000023744
0000023777
0000023783
0000023786
0000023792
0000023804
0000023807
0000023811
0000023839
0000023857
0000023861
0000023883
0000023920
0000023937
0000023958
0000023986
0000024008
0000024039
0000024094
0000024096
0000024103
0000024205
0000024208
0000024225
0000024243
0000024246
0000024262
0000024263
0000024281
0000024346
0000024385
0000024421
0000024444
0000024478
0000024488
0000024503
0000024510
0000024523
0000024531
0000024535
0000024564
0000024580
0000024613
0000024658
0000024770
0000024780
0000024831
0000024848
0000024877
0000024882
0000024897
0000024918
0000024922
0000024932
0000024948
0000024949
0000024978
0000025010
0000025013
0000025025
0000025040
0000025044
0000025119
0000025121
0000025136
0000025176
0000025254
0000025260
0000025372
0000025375
0000025384
0000025387
0000025395
0000025409
0000025424
0000025442
0000025462
0000025464
0000025486
0000025577
0000025625
0000025638
0000025663
0000025670
0000025689
0000025693
0000025719
0000025753
0000025823
0000025836
0000025849
0000025902
0000025916
0000025993
0000025994
0000026029
0000026031
0000026062
0000026111
0000026170
0000026205
0000026208
0000026214
0000026250
0000026272
0000026298
0000026313
0000026374
0000026381
0000026401
0000026437
0000026467
0000026478
0000026494
0000026500
0000026572
0000026631
0000026647
0000026662
0000026685
0000026688
0000026707
0000026754
0000026886
0000026940
0000026955
0000026992
0000027017
0000027118
0000027144
0000027192
0000027249
0000027371
0000027401
0000027459
0000027467
0000027478
0000027537
0000027538
0000027587
0000027614
0000027615
0000027643
0000027767
0000027806
0000027955
0000027999
0000028002
0000028057
0000028076
0000028104
0000028181
0000028223
0000028310
0000028460
0000028481
0000028506
0000028510
0000028540
0000028541
0000028569
0000028575
0000028577
0000028617
0000028680
0000028682
0000028719
0000028749
0000028838
0000028876
0000028892
0000028951
0000029060
0000029087
0000029186
0000029204
0000029211
0000029279
0000029290
0000029300
0000029317
0000029362
0000029367
0000029399
0000029404
0000029405
0000029406
0000029494
0000029496
0000029556
0000029576
0000029599
0000029617
0000029619
0000029710
0000029787
0000029789
0000029793
0000029798
0000029895
0000029898
0000029905
0000029967
0000030011
0000030022
0000030075
0000030164
0000030170
0000030191
0000030214
0000030275
0000030307
0000030318
0000030419
0000030420
0000030435
0000030477
0000030503
0000030504
0000030509
0000030514
0000030536
0000030590
0000030602
0000030604
0000030629
0000030643
0000030688
0000030692
0000030720
0000030729
0000030732
0000030738
0000030739
0000030749
0000030784
0000030786
0000030798
0000030809
0000030817
0000030872
0000030876
0000030884
0000030916
0000030922
0000030941
0000030965
0000030975
0000031000
0000031053
0000031056
0000031059
0000031101
0000031105
0000031158
0000031178
0000031179
0000031233
0000031267
0000031288
0000031289
0000031350
0000031384
0000031421
0000031441
0000031458
0000031459
0000031472
0000031498
0000031650
0000031654
0000031658
0000031683
0000031699
0000031746
0000031769
0000031776
0000031838
0000031864
0000031922
0000031953
0000032001
0000032005
0000032088
0000032118
0000032160
0000032234
0000032277
0000032293
0000032317
0000032319
0000032402
0000032414
0000032418
0000032422
0000032426
0000032428
0000032438
0000032475
0000032501
0000032514
0000032528
0000032590
0000032598
0000032604
0000032645
0000032646
0000032668
0000032735
0000032737
0000032746
0000032754
0000032756
0000032793
0000032804
0000032817
0000032827
0000032836
0000032863
0000032965
0000032977
0000033041
0000033067
0000033080
0000033093
0000033134
0000033157
0000033216
0000033346
0000033385
0000033424
0000033445
0000033462
0000033511
0000033519
0000033538
0000033654
0000033754
0000033775
0000033785
0000033820
0000033826
0000033834
0000033859
0000033936
0000033967
0000033978
0000034027
0000034042
0000034048
0000034050
0000034055
0000034092
0000034148
0000034164
0000034239
0000034249
0000034345
0000034371
0000034374
0000034415
0000034440
0000034464
0000034494
0000034556
0000034582
0000034625
0000034635
0000034645
0000034716
0000034724
0000034745
0000034754
0000034757
0000034784
0000034842
0000034887
0000034900
0000034934
0000034952
0000034954
0000035029
0000035072
0000035228
0000035245
0000035323
0000035324
0000035347
0000035437
0000035475
0000035536
0000035537
0000035592
0000035618
0000035628
0000035654
0000035696
0000035702
0000035705
0000035717
0000035730
0000035853
0000035864
0000035924
0000035944
0000035969
0000035999
0000036026
0000036046
0000036274
0000036311
0000036392
0000036404
0000036467
0000036473
0000036622
0000036702
0000036717
0000036725
0000036745
0000036875
0000036908
0000036934
0000037025
0000037034
0000037137
0000037144
0000037191
0000037255
0000037379
0000037400
0000037403
0000037407
0000037496
0000037549
0000037589
0000037650
0000037658
0000037666
0000037684
0000037739
0000037750
0000037757
0000037788
0000037837
0000037840
0000037896
0000037950
0000037990
0000038019
0000038021
0000038128
0000038145
0000038235
0000038307
0000038382
0000038403
0000038423
0000038500
0000038571
0000038641
0000038654
0000038681
0000038756
0000038806
0000038822
0000038856
0000038884
0000038916
0000038924
0000038955
0000039037
0000039054
0000039085
0000039129
0000039229
0000039246
0000039270
0000039304
0000039374
0000039395
0000039428
0000039504
0000039521
0000039573
0000039624
0000039657
0000039754
0000039770
0000039783
0000039879
0000039885
0000039905
0000039936
0000039941
0000039963
0000039978
0000040055
0000040078
0000040102
0000040189
0000040288
0000040340
0000040350
0000040389
0000040398
0000040422
0000040445
0000040468
0000040488
0000040494
0000040500
0000040511
0000040521
0000040644
0000040648
0000040708
0000040729
0000040760
0000040911
0000041035
0000041054
0000041164
0000041209
0000041219
0000041232
0000041249
0000041254
0000041316
0000041318
0000041408
0000041427
0000041503
0000041520
0000041562
0000041631
0000041642
0000041668
0000041719
0000041844
0000041856
0000041868
0000041903
0000041945
0000041968
0000042000
0000042022
0000042104
0000042151
0000042177
0000042188
0000042215
0000042226
0000042271
0000042304
0000042314
0000042332
0000042339
0000042384
0000042407
0000042418
0000042428
0000042490
0000042495
0000042507
0000042527
0000042532
0000042534
0000042608
0000042622
0000042624
0000042659
0000042684
0000042692
0000042727
0000042738
0000042747
0000042761
0000042836
0000043041
0000043217
0000043315
0000043426
0000043446
0000043449
0000043615
0000043632
0000043642
0000043718
0000043742
0000043747
0000043757
0000043794
0000043820
0000043835
0000043857
0000043867
0000043945
0000043956
0000043982
0000043994
0000044069
0000044075
0000044084
0000044092
0000044093
0000044115
0000044136
0000044191
0000044197
0000044239
0000044286
0000044304
0000044318
0000044335
0000044384
0000044422
0000044432
0000044451
0000044453
0000044557
0000044574
0000044596
0000044601
0000044652
0000044705
0000044727
0000044759
0000044786
0000044804
0000044871
0000044954
0000044963
0000044964
0000044977
0000044981
0000044986
0000044988
0000045012
0000045016
0000045034
0000045039
0000045129
0000045172
0000045244
0000045282
0000045327
0000045437
0000045512
0000045585
0000045596
0000045619
0000045651
0000045731
0000045742
0000045838
0000046145
0000046153
0000046172
0000046195
0000046244
0000046293
0000046392
0000046423
0000046424
0000046439
0000046448
0000046507
0000046746
0000046792
0000046815
0000046830
0000046839
0000046854
0000046861
0000046907
0000046922
0000047196
0000047307
0000047321
0000047356
0000047370
0000047392
0000047421
0000047450
0000047473
0000047482
0000047517
0000047549
0000047567
0000047583
0000047679
0000047778
0000047795
0000047814
0000047818
0000047839
0000047966
0000047981
0000048003
0000048104
0000048109
0000048158
0000048161
0000048197
0000048222
0000048229
0000048243
0000048283
0000048322
0000048439
0000048545
0000048560
0000048610
0000048618
0000048628
0000048690
0000048692
0000048703
0000048717
0000048721
0000048742
0000048847
0000048855
0000048869
0000048970
0000049017
0000049094
0000049116
0000049133
0000049200
0000049206
0000049223
0000049323
0000049347
0000049378
0000049409
0000049429
0000049553
0000049674
0000049678
0000049696
0000049866
0000049955
0000050043
0000050060
0000050065
0000050075
0000050079
0000050121
0000050143
0000050149
0000050185
0000050229
0000050263
0000050290
0000050341
0000050441
0000050452
0000050572
0000050679
0000050692
0000050699
0000050721
0000050780
0000050860
0000050932
0000051061
0000051155
0000051185
0000051188
0000051267
0000051286
0000051310
0000051448
0000051697
0000051720
0000051733
0000051775
0000051812
0000051821
0000051869
0000051870
0000051951
0000051968
0000051988
0000052060
0000052182
0000052200
0000052206
0000052244
0000052313
0000052352
0000052360
0000052366
0000052393
0000052437
0000052447
0000052475
0000052586
0000052666
0000052691
0000052738
0000052824
0000052887
0000052903
0000052912
0000052922
0000052925
0000052939
0000053052
0000053063
0000053173
0000053180
0000053188
0000053228
0000053551
0000053665
0000053781
0000054008
0000054238
0000054530
0000054659
0000054735
0000054772
0000054820
0000054823
0000054857
0000054889
0000055002
0000055042
0000055130
0000055220
0000055390
0000055414
0000055517
0000055552
0000055662
0000055740
0000055782
0000055848
0000055884
0000055889
0000056048
0000056134
0000056177
0000056201
0000056326
0000056452
0000056483
0000056506
0000056514
0000056564
0000056589
0000056794
0000056869
0000056900
0000056943
0000056975
0000057052
0000057113
0000057309
0000057340
0000057415
0000057435
0000057469
0000057470
0000057497
0000057704
0000057834
0000058087
0000058113
0000058139
0000058145
0000058152
0000058222
0000058281
0000058317
0000058366
0000058519
0000058531
0000058556
0000058561
0000058857
0000058911
0000058928
0000059155
0000059230
0000059261
0000059336
0000059397
0000059440
0000059590
0000059792
0000059805
0000059849
0000059982
0000060240
0000060427
0000060575
0000060678
0000060835
0000060922
0000060947
0000060986
0000061165
0000061231
0000061238
0000061415
0000061561
0000061612
0000061619
0000061643
0000061686
0000061809
0000061812
0000061850
0000061891
0000062202
0000062208
0000062240
0000062317
0000062378
0000062514
0000062560
0000062653
0000062692
0000062743
0000062794
0000062796
0000062906
0000062951
0000063048
0000063106
0000063140
0000063250
0000063261
0000063414
0000063434
0000063508
0000063555
0000063634
0000063708
0000063841
0000063863
0000064016
0000064032
0000064063
0000064123
0000064155
0000064169
0000064305
0000064382
0000064392
0000064416
0000064437
0000064446
0000064458
0000064521
0000064562
0000064574
0000064605
0000064680
0000064775
0000064841
0000064883
0000064914
0000064918
0000064953
0000064957
0000064988
0000065063
0000065125
0000065212
0000065240
0000065278
0000065315
0000065394
0000065425
0000065444
0000065452
0000065466
0000065489
0000065500
0000065934
0000065985
0000066062
0000066108
0000066150
0000066540
0000066576
0000066708
0000066799
0000066804
0000066964
0000067012
0000067133
0000067195
0000067199
0000067238
0000067272
0000067304
0000067315
0000067316
0000067346
0000067365
0000067381
0000067421
0000067553
0000067622
0000067650
0000067723
0000067813
0000067881
0000067890
0000067941
0000067996
0000068060
0000068067
0000068086
0000068157
0000068160
0000068225
0000068243
0000068254
0000068352
0000068409
0000068474
0000068496
0000068577
0000068583
0000068660
0000068708
0000068724
0000068807
0000068839
0000068890
0000068910
0000068991
0000069002
0000069118
0000069209
0000069222
0000069253
0000069283
0000069351
0000069442
0000069454
0000069539
0000069683
0000069695
0000069770
0000069786
0000070119
0000070126
0000070182
0000070188
0000070268
0000070300
0000070306
0000070338
0000070405
0000070415
0000070460
0000070529
0000070544
0000070549
0000070591
0000070643
0000070647
0000070679
0000070722
0000070736
0000070756
0000070772
0000070801
0000070866
0000070878
0000070935
0000071007
0000071034
0000071158
0000071163
0000071180
0000071336
0000071356
0000071369
0000071477
0000071618
0000071633
0000071719
0000071786
0000071787
0000071873
0000071941
0000071949
0000071974
0000072048
0000072080
0000072097
0000072108
0000072158
0000072167
0000072214
0000072236
0000072241
0000072246
0000072259
0000072328
0000072335
0000072369
0000072491
0000072648
0000072656
0000072696
0000072718
0000072739
0000072808
0000072834
0000072903
0000072986
0000073022
0000073054
0000073064
0000073132
0000073164
0000073288
0000073317
0000073369
0000073377
0000073383
0000073496
0000073499
0000073530
0000073587
0000073605
0000073633
0000073682
0000073700
0000073702
0000073731
0000073766
0000073806
0000073818
0000073821
0000073862
0000073882
0000073913
0000073936
0000073937
0000073988
0000074003
0000074087
0000074119
0000074137
0000074194
0000074203
0000074204
0000074205
0000074228
0000074318
0000074319
0000074320
0000074350
0000074359
0000074386
0000074425
0000074493
0000074502
0000074504
0000074537
0000074568
0000074577
0000074606
0000074724
0000074754
0000074757
0000074801
0000074823
0000074850
0000074868
0000074873
0000074919
0000074939
0000074943
0000074948
0000074977
0000074987
0000075014
0000075104
0000075160
0000075183
0000075202
0000075219
0000075237
0000075238
0000075242
0000075248
0000075252
0000075279
0000075290
0000075296
0000075313
0000075323
0000075365
0000075370
0000075388
0000075391
0000075402
0000075453
0000075456
0000075470
0000075479
0000075551
0000075552
0000075577
0000075600
0000075622
0000075643
0000075658
0000075688
0000075706
0000075715
0000075751
0000075763
0000075772
0000075801
0000075888
0000075916
0000075924
0000075950
0000076037
0000076062
0000076075
0000076103
0000076168
0000076170
0000076219
0000076250
0000076296
0000076297
0000076310
0000076325
0000076358
0000076373
0000076497
0000076504
0000076545
0000076591
0000076657
0000076718
0000076723
0000076736
0000076779
0000076836
0000076839
0000076862
0000076893
0000076914
0000076949
0000076957
0000076983
0000077039
0000077106
0000077183
0000077213
0000077288
0000077321
0000077365
0000077487
0000077585
0000077588
0000077654
0000077663
0000077693
0000077727
0000077825
0000077931
0000077962
0000078043
0000078084
0000078185
0000078239
0000078339
0000078349
0000078497
0000078570
0000078584
0000078636
0000078700
0000078758
0000078993
0000079035
0000079104
0000079222
0000079254
0000079331
0000079412
0000079511
0000079527
0000079556
0000079643
0000079667
0000079736
0000079773
0000079809
0000079854
0000079931
0000080040
0000080148
0000080234
0000080262
0000080311
0000080425
0000080522
0000080580
0000080615
0000080692
0000080705
0000080742
0000080753
0000080868
0000080905
0000080995
0000081002
0000081158
0000081262
0000081312
0000081468
0000081471
0000081485
0000081542
0000081612
0000081670
0000081756
0000081843
0000081944
0000081975
0000082057
0000082204
0000082253
0000082308
0000082450
0000082486
0000082504
0000082598
0000082602
0000082677
0000082821
0000082825
0000082883
0000082904
0000082908
0000082993
0000083309
0000083345
0000083386
0000083527
0000083691
0000083765
0000083788
0000083790
0000083867
0000083946
0000083980
0000084004
0000084045
0000084100
0000084168
0000084169
0000084261
0000084265
0000084287
0000084319
0000084396
0000084403
0000084464
0000084548
0000084699
0000084732
0000084801
0000084839
0000084919
0000084996
0000085026
0000085139
0000085236
0000085299
0000085307
0000085308
0000085376
0000085426
0000085613
0000085680
0000085704
0000085717
0000085734
0000085736
0000085757
0000085763
0000086060
0000086064
0000086103
0000086124
0000086173
0000086203
0000086264
0000086327
0000086463
0000086546
0000086600
0000086735
0000086807
0000086893
0000087039
0000087178
0000087290
0000087405
0000087418
0000087497
0000087608
0000087989
0000088041
0000088052
0000088175
0000088210
0000088236
0000088494
0000088559
0000088595
0000088827
0000088934
0000089146
0000089211
0000089353
0000089379
0000089432
0000089564
0000089625
0000089821
0000089823
000009
0000090066
0000090076
0000090092
0000090236
0000090266
0000090405
0000090667
0000090711
0000090898
0000091076
0000091156
0000091158
0000091271
0000091306
0000091333
0000091499
0000091602
0000091845
0000092690
0000093110
0000093257
0000093990
0000094117
0000094237
0000094292
0000094328
0000094405
0000094425
0000094740
0000094755
0000094809
0000094859
0000094927
0000094935
0000095141
0000095329
0000095417
0000095491
0000095697
0000095764
0000096124
0000096469
0000096891
0000097228
0000097250
0000097640
0000097761
0000097858
0000097882
0000097957
0000098026
0000098036
0000098165
0000098216
0000098235
0000098351
0000098392
0000098460
0000098461
0000098828
0000099006
0000099223
0000099251
0000099273
0000099276
0000099313
0000099926
00001
0000100038
0000100087
0000100128
0000100844
0000101668
0000101799
0000101820
0000101840
0000101842
0000101941
0000102040
0000102241
0000102441
0000102594
0000102641
0000102842
0000103044
0000104082
0000104106
0000104195
0000104355
0000104590
0000105097
0000105634
0000105718
0000105942
0000106020
0000106054
0000106174
0000106294
0000106341
0000106408
0000106462
0000106604
0000106665
0000106781
0000106787
0000106873
0000107080
0000107175
0000107343
0000107553
0000107573
0000107871
0000108078
0000108419
0000108651
0000108855
0000109047
0000109269
0000109491
0000109702
0000109929
0000110130
0000110425
0000110626
0000110853
0000111078
0000111283
0000112298
0000112411
0000113064
0000113419
0000113540
0000113561
0000113584
0000113707
0000113774
0000114128
0000114483
0000114840
0000115061
0000115196
0000115552
0000115663
0000115905
0000116261
0000116620
0000116978
0000117097
0000117220
0000117334
0000117557
0000117642
0000117690
0000117731
0000117839
0000118043
0000118298
0000118375
0000118402
0000118460
0000118495
0000118549
0000118657
0000118759
0000118779
0000118841
0000119114
0000119116
0000119313
0000119472
0000119597
0000119659
0000119826
0000119853
0000119960
0000120003
0000120060
0000120184
0000120252
0000120273
0000120540
0000120877
0000120890
0000121090
0000121245
0000121476
0000121561
0000121600
0000121650
0000121758
0000121798
0000121955
0000122050
0000122217
0000122310
0000122414
0000122593
0000122614
0000122666
0000122698
0000122720
0000122760
0000122866
0000123022
0000123034
0000123237
0000123300
0000123381
0000123409
0000123536
0000123735
0000123834
0000123979
0000124091
0000124192
0000124445
0000124801
0000125157
0000125210
0000125335
0000125511
0000125687
0000125717
0000125726
0000125867
0000125898
0000125969
0000126013
0000126136
0000126222
0000126261
0000126484
0000126512
0000126578
0000126639
0000126681
0000126720
0000126833
0000126937
0000126948
0000127293
0000127354
0000127649
0000127961
0000128007
0000128364
0000128414
0000128473
0000128497
0000128561
0000128663
0000128720
0000128758
0000128793
0000129076
0000129123
0000129234
0000129432
0000129520
0000129699
0000129764
0000129787
0000129894
0000129998
0000130142
0000130501
0000130599
0000130855
0000131105
0000131211
0000131567
0000131573
0000131658
0000131926
0000132282
0000132351
0000132638
0000132994
0000133352
0000133704
0000133735
0000134058
0000134413
0000134768
0000135123
0000135479
0000135835
0000136191
0000136385
0000136547
0000136903
0000137259
0000137615
0000137971
0000138328
0000138683
0000139038
0000139394
0000139505
0000139619
0000139695
0000139750
0000139794
0000139945
0000140108
0000140307
0000140464
0000140820
0000140968
0000141176
0000141477
0000141532
0000141887
0000142073
0000142137
0000142206
0000142241
0000142308
0000142383
0000142595
0000142950
0000143303
0000143658
0000144013
0000144366
0000144723
0000144724
0000145084
0000145131
0000145437
0000145533
0000145795
0000145834
0000145857
0000146151
0000146507
0000146763
0000146864
0000147060
0000147218
0000147573
0000147823
0000147929
0000148055
0000148087
0000148109
0000148148
0000148164
0000148285
0000148641
0000148676
0000148785
0000148925
0000148964
0000149000
0000149356
0000149492
0000149601
0000149710
000015
0000150066
0000150149
0000150422
0000150449
0000150776
0000151132
0000151353
0000151488
0000151844
0000152028
0000152067
0000152200
0000152554
0000152595
0000152704
0000152857
0000152910
0000153120
0000153246
0000153265
0000153317
0000153323
0000153355
0000153432
0000153445
0000153619
0000153975
0000153982
0000154125
0000154331
0000154655
0000154685
0000154891
0000154968
0000155000
0000155024
0000155039
0000155077
0000155296
0000155297
0000155339
0000155390
0000155745
0000156102
0000156458
0000156462
0000156811
0000156813
0000156821
0000157104
0000157156
0000157168
0000157225
0000157332
0000157344
0000157522
0000157558
0000157879
0000158192
0000158233
0000158388
0000158589
0000158652
0000158702
0000158947
0000158991
0000159081
0000159305
0000159307
0000159597
0000159658
0000159995
0000160014
0000160270
0000160293
0000160298
0000160370
0000160728
0000160733
0000161084
0000161438
0000161794
0000162152
0000162436
0000162511
0000162867
0000163225
0000163579
0000163934
0000164230
0000164291
0000164645
0000164985
0000165001
0000165357
0000165547
0000165667
0000165713
0000166002
0000166017
0000166068
0000166071
0000166189
0000166274
0000166422
0000166780
0000167138
0000167454
0000167492
0000167790
0000167847
0000167859
0000167930
0000167978
0000168202
0000168257
0000168558
0000168665
0000168914
0000169272
0000169628
0000169655
0000169987
000017
0000170341
0000170699
0000171057
0000171413
0000171578
0000171769
0000171841
0000172022
0000172126
0000172216
0000172249
0000172482
0000172512
0000172590
0000172649
0000172811
0000172837
0000173038
0000173193
0000173194
0000173243
0000173348
0000173436
0000173550
0000173613
0000173733
0000173908
0000173921
0000173922
0000174228
0000174261
0000174413
0000174616
0000174793
0000174971
0000175188
0000175324
0000175458
0000175535
0000175679
0000176035
0000176036
0000176103
0000176391
0000176500
0000176746
0000176924
0000177017
0000177100
0000177297
0000177459
0000177745
0000177815
0000178171
0000178263
0000178410
0000178530
0000178885
0000179244
0000179603
0000179956
000018
0000180312
0000180668
0000181024
0000181380
0000181420
0000181735
0000182093
0000182449
0000182713
0000182805
0000183159
0000183517
0000183876
0000183896
0000183920
0000184230
0000184522
0000184586
0000184942
0000185299
0000185359
0000185387
0000185412
0000185449
0000185571
0000185655
0000186009
0000186364
0000186720
0000187077
0000187435
0000187794
0000188150
0000188506
0000188863
0000189222
0000189578
0000189932
0000190287
0000190647
0000191006
0000191358
0000191714
0000192069
0000192425
0000192781
0000193137
0000193492
0000193851
0000194210
0000194566
0000194921
0000195278
0000195635
0000195992
0000196349
0000196706
0000196938
0000197064
0000197327
0000197421
0000197776
0000198130
0000198487
0000198842
0000198910
0000199201
0000199561
0000199913
0000199992
00002
000020
0000200031
0000200088
0000200269
0000200318
0000200401
0000200450
0000200528
0000200577
0000200622
0000200673
0000200722
0000200808
0000200836
0000200847
0000200885
0000200905
0000200978
0000200994
0000201042
0000201133
0000201181
0000201213
0000201286
0000201333
0000201334
00002014
0000201447
0000201599
0000201687
0000201745
0000201843
0000201879
0000202017
0000202043
0000202133
0000202152
0000202279
0000202399
0000202408
0000202531
0000202716
0000202758
0000202839
0000202999
0000203118
0000203140
0000203289
0000203468
0000203473
0000203831
0000203911
0000203950
0000204052
0000204110
0000204191
0000204548
0000204652
0000204774
0000204888
0000204907
0000205053
0000205139
0000205180
0000205191
0000205264
0000205307
0000205479
0000205553
0000205609
0000205621
0000205652
0000205739
0000205801
0000205898
0000205978
0000206031
0000206125
0000206143
0000206291
0000206328
0000206337
0000206481
0000206682
0000206692
0000206694
0000206829
0000206855
0000206992
0000207048
0000207086
0000207203
0000207247
0000207324
0000207342
0000207401
0000207405
0000207518
0000207676
0000207729
0000207763
0000207786
0000207825
0000207904
0000207955
0000207981
0000208120
0000208294
0000208477
0000208578
0000208655
0000208781
0000208834
0000209086
0000209194
0000209439
0000209465
0000209551
0000209826
0000209907
0000210264
0000210619
0000210976
0000211333
0000211688
0000212045
0000212402
0000212555
0000212754
0000213108
0000213464
0000213820
0000214176
0000214404
0000214531
0000214887
0000215243
0000215600
0000215957
0000216049
0000216316
0000216674
0000217030
0000217386
0000217694
0000217743
0000218099
0000218455
0000218814
0000218849
0000219173
0000219304
0000219533
0000219890
000022
0000220245
0000220600
0000220957
0000221316
0000221673
0000221679
0000222030
0000222385
0000222513
0000222741
0000223101
0000223318
0000223456
0000223815
0000224174
0000224531
0000224885
0000225241
0000225600
0000225956
0000226312
0000226633
0000226668
0000227022
0000227378
0000227737
0000228096
0000228453
0000228560
0000228810
0000229167
0000229241
0000229408
0000229524
0000229651
0000229822
0000229879
0000230204
0000230237
0000230372
0000230596
0000230728
0000230804
0000230896
0000230951
0000231138
0000231308
0000231309
0000231665
0000231706
0000231873
0000232023
0000232116
0000232381
0000232738
0000233095
0000233452
0000233811
0000234168
0000234525
0000234884
0000235241
0000235600
0000235957
0000236314
0000236669
0000237028
0000237387
0000237742
0000238099
0000238455
0000238812
0000239171
0000239528
0000239887
0000240243
0000240597
0000240953
0000241113
0000241202
0000241292
0000241309
0000241381
0000241470
0000241558
0000241647
0000241723
0000241736
0000241825
0000241913
0000242001
0000242088
0000242139
0000242176
0000242263
0000242352
0000242440
0000242529
0000242554
0000242617
0000242705
0000242792
0000242880
0000242967
0000243056
0000243145
0000243234
0000243324
0000243382
0000243413
0000243502
0000243592
0000243681
0000243770
0000243798
0000243859
0000244025
0000244191
0000244211
0000244356
0000244521
0000244627
0000244687
0000244852
0000245016
0000245043
0000245180
0000245345
0000245464
0000245511
0000245677
0000245842
0000245877
0000246008
0000246193
0000246288
0000246359
0000246524
0000246648
0000246690
0000246856
0000247004
0000247022
0000247187
0000247351
0000247358
0000247474
0000247513
0000247673
0000247716
0000247848
0000248028
0000248072
0000248205
0000248383
0000248426
0000248547
0000248741
0000248781
0000248803
0000249137
0000249222
0000249394
0000249493
0000249526
0000249686
0000249694
0000249810
0000249848
0000249956
000025
0000250102
0000250204
0000250230
0000250390
0000250518
0000250560
0000250710
0000250860
0000250917
0000251142
0000251273
0000251316
0000251474
0000251606
0000251629
0000251770
0000251920
0000251984
0000252078
0000252282
0000252342
0000252506
0000252688
0000252701
0000252842
0000252958
0000253054
0000253409
0000253767
0000254123
0000254441
0000254481
0000254837
0000255195
0000255554
0000255910
0000256265
0000256621
0000256977
0000257335
0000257691
0000258047
0000258405
0000258760
0000259116
0000259474
0000259830
0000260186
0000260541
0000260902
0000261258
0000261615
0000261971
0000262327
0000262687
0000262691
0000262816
0000263039
0000263168
0000263207
0000263379
0000263397
0000263494
0000263753
0000264106
0000264464
0000264819
0000265174
0000265529
0000265795
0000265885
0000266144
0000266244
0000266601
0000266959
0000267317
0000267671
0000268027
0000268383
0000268742
0000269100
0000269460
0000269818
0000270176
0000270532
0000270888
0000271248
0000271603
0000271963
0000272323
0000272681
0000273038
0000273394
0000273750
0000274103
0000274459
0000274818
0000275173
0000275529
0000275887
0000276242
0000276553
0000276597
0000276953
0000277311
0000277668
0000278024
0000278380
0000278734
0000278769
0000279090
0000279445
0000279800
000028
0000280156
0000280265
0000280514
0000280866
0000281161
0000281217
0000281572
0000281930
0000282282
0000282541
0000282635
0000282987
0000283106
0000283338
0000283688
0000284040
0000284398
0000284752
0000284831
0000285110
0000285461
0000285815
0000286165
0000286517
0000286556
0000286875
0000287228
0000287270
0000287586
0000287644
0000287937
0000288287
0000288639
0000288994
0000289349
0000289698
0000290047
0000290287
0000290399
0000290751
0000291100
0000291452
0000291807
0000292156
0000292504
0000292852
0000293201
0000293552
0000293901
0000294253
0000294608
0000294956
0000295307
0000295656
0000296005
0000296360
0000296709
0000297060
0000297409
0000297758
0000298105
0000298456
0000298804
0000299156
0000299508
0000299857
0000300209
0000300558
0000300913
0000301260
0000301607
0000301959
0000302308
0000302653
0000303002
0000303354
0000303703
0000304051
0000304400
0000304749
0000305100
0000305452
0000305800
0000306155
0000306504
0000306852
0000307201
0000307550
0000307901
0000308250
0000308605
0000308804
0000308953
0000309305
0000309547
0000309654
0000309998
000031
0000310240
0000310346
0000310701
0000310708
0000310793
0000311053
0000311241
0000311403
0000311669
0000311755
0000312104
0000312456
0000312803
0000313152
0000313181
0000313500
0000313852
0000314200
0000314556
0000314914
0000315269
0000315627
0000315983
0000316341
0000316697
0000317056
0000317408
0000317764
0000318124
0000318483
0000318843
0000319199
0000319558
0000319913
0000320269
0000320625
0000320981
0000321338
0000321696
0000322051
0000322407
0000322765
0000323126
0000323482
0000323838
0000324195
0000324552
0000324910
0000325268
0000325627
0000325985
0000326346
0000326702
0000327059
0000327413
0000327770
0000328131
0000328489
0000328847
0000329204
0000329562
0000329919
0000330274
0000330631
0000330991
0000331351
0000331709
0000332066
0000332354
0000332424
0000332782
0000333047
0000333139
0000333500
0000333515
0000333858
0000333963
0000334216
0000334391
0000334574
0000334934
0000335293
0000335596
0000335651
0000335864
0000336007
0000336289
0000336365
0000336725
0000336757
0000337081
0000337205
0000337437
0000337633
0000337793
0000338154
0000338511
0000338868
0000339106
0000339225
0000339582
0000339940
000034
0000340298
0000340656
0000341014
0000341372
0000341729
0000342086
0000342441
0000342800
0000343157
0000343514
0000343871
0000344229
0000344587
0000344945
0000345304
0000345662
0000346018
0000346375
0000346733
0000347092
0000347450
0000347808
0000348164
0000348522
0000348882
0000349238
0000349595
0000349953
0000350306
0000350663
0000351020
0000351377
0000351737
0000352094
0000352451
0000352811
0000353165
0000353523
0000353881
0000354236
0000354595
0000354949
0000355310
0000355671
0000356027
0000356385
0000356743
0000357099
0000357455
0000357813
0000358175
0000358533
0000358894
0000359252
0000359607
0000359967
0000360325
0000360683
0000361041
0000361399
0000361759
0000362117
0000362473
0000362834
0000363190
0000363543
0000363900
0000364257
0000364617
0000364974
0000365331
0000365688
0000366048
0000366403
0000366760
0000367120
0000367478
0000367836
0000368196
0000368555
0000368913
0000369271
0000369629
0000369987
0000370344
0000370702
0000371063
0000371422
0000371778
0000372136
0000372494
0000372852
0000373211
0000373568
0000373926
0000374279
0000374631
0000374985
0000375339
0000375693
0000376047
0000376398
0000376752
0000377106
0000377459
0000377814
0000378169
0000378527
0000378881
0000379237
0000379592
0000379947
0000380302
0000380660
0000381015
0000381368
0000381723
0000382076
0000382431
0000382787
0000383144
0000383501
0000383852
0000384205
0000384562
0000384919
0000385274
0000385629
0000385984
0000386342
0000386699
0000387054
0000387412
0000387766
0000388121
0000388478
0000388832
0000389187
0000389542
0000389897
000039
0000390257
0000390611
0000390965
0000391320
0000391675
0000392033
0000392388
0000392743
0000393101
0000393459
0000393814
0000394172
0000394527
0000394882
0000395240
0000395595
0000395947
0000396302
0000396659
0000397012
0000397367
0000397723
0000398077
0000398431
0000398785
0000399142
0000399239
0000399496
0000399850
0000400205
0000400562
0000400582
0000400916
0000401273
0000401630
0000401962
0000401985
0000402013
0000402341
0000402503
0000402698
0000403058
0000403416
0000403772
0000404130
0000404488
0000404847
0000405205
0000405563
0000405921
0000406279
0000406639
0000406997
0000407353
0000407572
0000407711
0000408069
0000408429
0000408786
0000409146
0000409500
0000409857
0000410214
0000410569
0000410926
0000411283
0000411641
0000411999
0000412355
0000412713
0000413072
0000413278
0000413429
0000413787
0000414145
0000414503
0000414864
0000415225
0000415581
0000415928
0000415938
0000416299
0000416376
0000416657
0000416804
0000417015
0000417372
0000417728
0000418087
0000418277
0000418445
0000418803
0000419161
0000419517
0000419877
000042
0000420238
0000420596
0000420954
0000421312
0000421669
0000422026
0000422378
0000422735
0000423095
0000423450
0000423810
0000424170
0000424525
0000424883
0000425242
0000425600
0000425955
0000426310
0000426667
0000427024
0000427380
0000427737
0000428094
0000428455
0000428815
0000429173
0000429530
0000429888
0000430244
0000430604
0000430965
0000431323
0000431679
0000432037
0000432395
0000432753
0000433109
0000433467
0000433825
0000434182
0000434539
0000434896
0000435253
0000435610
0000435967
0000436324
0000436677
0000437035
0000437396
0000437757
0000437986
0000438118
0000438120
0000438476
0000438830
0000439188
0000439546
0000439904
0000440262
0000440616
0000440977
0000441335
0000441691
0000442049
0000442404
0000442762
0000443120
0000443476
0000443834
0000444195
0000444552
0000444913
0000445271
0000445627
0000445728
0000445985
0000446343
0000446701
0000447062
0000447418
0000447779
0000448137
0000448489
0000448846
0000449206
0000449561
0000449921
0000450274
0000450632
0000450989
0000451351
0000451756
0000452164
0000452573
0000452978
0000453383
0000453791
0000454196
0000454605
0000455014
0000455422
0000455833
0000456240
0000456594
0000456945
0000457298
0000457655
0000458012
0000458364
0000458718
0000459075
0000459431
0000459785
0000460137
0000460490
0000460847
0000461201
0000461558
0000461913
0000462270
0000462624
0000462976
0000463330
0000463687
0000464044
0000464400
0000464757
0000465114
0000465468
0000465821
0000466175
0000466534
0000466884
0000467241
0000467595
0000467946
0000468304
0000468661
0000469017
0000469371
0000469728
0000470082
0000470437
0000470791
0000471148
0000471505
0000471859
0000472213
0000472566
0000472920
0000473274
0000473627
0000473980
0000474337
0000474691
0000475044
0000475398
0000475751
0000476103
0000476457
0000476815
0000477172
0000477526
0000477880
0000478233
0000478586
0000478943
0000479297
0000479649
0000480003
0000480360
0000480710
0000481064
0000481418
0000481769
0000482124
0000482482
0000482837
0000483189
0000483543
0000483899
0000484254
0000484611
0000484967
0000485322
0000485683
0000486039
0000486400
0000486755
0000487112
0000487467
0000487822
0000488176
0000488534
0000488892
0000489247
0000489603
0000489958
0000490094
0000490316
0000490666
0000491018
0000491372
0000491726
0000492080
0000492430
0000492780
0000493130
0000493480
0000493834
0000494184
0000494536
0000494886
0000495240
0000495587
0000495939
0000496293
0000496642
0000496997
0000497347
0000497703
0000498052
0000498406
0000498760
0000499108
0000499463
0000499810
0000500157
0000500509
0000500862
0000501210
0000501558
0000501912
0000502259
0000502611
0000502959
0000503305
0000503653
0000504001
0000504348
0000504698
0000505046
0000505393
0000505741
0000506089
0000506441
0000506792
0000507140
0000507495
0000507842
0000508197
0000508549
0000508895
0000509243
0000509591
0000509937
0000510287
0000510639
0000510991
0000511339
0000511513
0000511691
0000512039
0000512387
0000512739
0000513087
0000513436
0000513784
0000514132
0000514483
0000514833
0000514869
0000515181
0000515529
0000515877
0000516224
0000516572
0000516922
0000517273
0000517620
0000517972
0000518320
0000518664
0000519019
0000519371
0000519723
0000520071
0000520419
0000520766
0000521118
0000521473
0000521820
0000522172
0000522520
0000522872
0000523218
0000523566
0000523914
0000524269
0000524625
0000524981
0000525339
0000525697
0000526052
0000526405
0000526760
0000527113
0000527471
0000527826
0000528178
0000528535
0000528890
0000529241
0000529594
0000529955
0000530308
0000530663
0000531021
0000531379
0000531732
0000532087
0000532442
0000538668
0000539098
0000539497
0000539922
0000540321
0000540720
0000541070
0000541466
0000541858
0000542205
0000542559
0000543035
0000543510
0000543872
0000544238
0000544606
0000544976
0000545364
0000545723
0000546113
0000546539
0000546966
0000547407
0000547791
0000548176
0000548603
0000549003
0000549430
0000549829
0000550227
0000550586
0000550981
0000551374
0000551726
0000552085
0000552561
0000553039
0000553399
0000553763
0000554128
0000554497
0000554886
0000555247
0000555633
0000556058
0000556488
0000556925
0000557307
0000557692
0000559713
0000561736
0000562267
0000562406
0000562710
0000568880
0000569484
0000569917
0000570234
0000576151
0000576558
0000576973
0000577280
0000580895
0000581268
0000581749
0000582052
0000585644
0000586156
0000586745
0000586884
0000587193
0000593283
0000593879
0000593985
00006
000060
000061
000062
0000661686
0000666072
000069
000070
000072
000073
000074
0000783392
0000785578
000083
0000836349
000084
0000844995
0000845347
0000845694
0000846048
0000846401
0000846806
0000847271
0000847622
0000848090
0000848442
0000848909
0000849261
0000849732
0000850085
0000850182
0000850670
0000851139
0000851493
0000851965
0000852319
0000852799
0000853152
0000853624
0000853780
0000854133
0000854612
0000854965
0000855443
0000855795
0000856270
0000856622
0000857079
0000857432
0000857786
0000858141
0000858498
0000858852
0000859203
0000859560
0000860331
0000860684
0000861015
0000861431
0000861916
0000862325
0000862709
0000863146
0000863618
0000864089
0000864572
0000864789
0000864953
0000865084
0000865235
0000865400
0000866707
0000866861
0000867015
0000867169
0000867530
0000867891
0000868250
0000868631
0000869011
0000869391
0000869772
0000870151
0000870506
0000870882
0000871258
0000871476
0000871595
0000871726
0000872100
0000872319
0000872694
0000872913
0000873288
0000873507
0000873894
0000874111
0000874498
0000874717
0000875106
0000875325
0000875712
0000875931
0000876314
0000876533
0000876890
0000877246
0000877604
0000877959
0000878316
0000878672
0000879029
0000879385
0000879740
0000880095
0000880452
0000880808
0000881165
0000881523
0000881880
0000882102
0000882196
0000882451
0000882570
0000882708
0000884085
0000884647
0000885070
0000885559
0000885943
0000886365
0000886841
0000887319
0000887798
0000888015
000089
0000892184
0000896883
0000897031
0000897185
0000897341
0000897489
0000897576
0000897983
0000898370
0000898593
0000898712
0000898843
0000899200
0000899557
0000899907
0000900276
0000900647
0000901098
0000901545
0000901902
0000902256
0000902611
0000902968
0000907610
0000907968
0000908326
0000908673
0000909043
0000909414
0000909865
0000910312
0000910667
0000911025
0000911381
0000911735
0000912437
0000912996
0000913363
0000913735
0000917019
0000917173
0000917538
0000921107
0000921325
0000921467
0000921621
0000921766
0000921983
0000922201
0000922419
0000922637
0000922853
0000922995
0000923151
0000923310
0000923681
0000924053
0000924517
0000924885
0000925350
0000925721
0000926090
0000926459
0000926827
0000927196
0000927566
0000927936
0000928305
0000928675
0000929046
0000929416
0000929787
000093
0000930158
0000930529
0000930899
0000931275
0000931861
0000932248
0000932642
0000932862
0000933027
0000933172
0000933329
0000933488
0000933905
0000934262
0000934663
0000935065
0000935467
0000935868
0000936225
0000936719
0000937275
0000943870
0000950474
0000955741
0000960773
0000960808
0000960951
0000961119
0000961261
0000961386
0000961499
0000961720
0000961859
0000962008
0000962149
0000962367
0000962585
0000962803
0000963020
0000963237
0000963457
0000963622
0000963753
0000963903
0000964062
0000974814
0000977176
000099
0000996375
0000996440
0000996514
0000996843
0000997891
0000999532
0000999597
0000999671
0001
00010
000100
0001000078
0001001316
0001014034
000103
0001044055
0001063479
0001066904
00011
00011110
00011111
0001129067
0001132492
0001137982
0001148432
0001153769
0001194441
0001219357
0001260029
000127
0001284717
000132
0001325617
0001350188
0001391205
0001415776
000143
0001456793
0001481364
0001546952
000156
000158
0001612540
000163
000165
000196
0002
000207
000208
000210
0002117740
0002119961
0002151005
0002157742
0002180966
000225
000226
000228
000230
000231
000238
000239
000240
000245
000247
000248
000256
000257
000260
000263
000268
000270
000274
000278
00028
000289
000292
0003
000304
0003053
00035
000350
000356
000360
000371
000372
000378
000385
000388
000392
000393
000395
0004
000419
000423
000435
000437
000456
000460
000463
000466
0004666660
000467
000469
000470
000471
000487
000490
000495
0005
000500
000501
000506
000514
000528
000542
000543
000544
000545
000560
000570
0005845
000596
0006
000603
000606
000611
000612
000622
0006267
000631
000637
000643
000644
000650
000659
000668
000676
000678
000685
000687
000688
000692
0007
000702
000706
000709
00071
000710
000728
000729
000732
00074
000744
000747
000753
000757
000760
000768
000772
000778
000783
000785
000787
000788
000792
000793
000798
000799
0008
000820
00087
0009
00091
00096
001
0010
00102
0010261
0011
0011107
001131
001132
001140
001145
0012
0013
001300000000000523
001336
001379
0014
0015
0016
0016328
0017
0017895
0018
0019
0019501
002
0020
00201
00201605
002017
002018
002019
002021
002022
002023
0021
00211
0021223
002156
002157
002158
00219
0022
002219
0023
0024
0025
0026
0027
0028
0029
0029191
003
0030
0031
003100
0031451
0032
0033
003388
0034
0035
00351
003517
00352
0035499
0036
0037
0037424
00376
003768351011912345
0039
00395
004
0040
0041
0042
0043
0044
0045
0046
0047
0047823284
0048
0049
005
0050
005194
0052
005235
0053
0053755
0054
0055
0056202
0056472
0057
0058
0059
00597
006
0060
00619
0062
00620
0062582
0063
0064
0065
006566
0066
0067
0068
007
0070
0071
007150
0072
0073
007444
0075
0076
0076956
0077
00789
0079
008
0080
0080577
0081
0083
0085
00850
0086
0087
009
0090
009020
0091
0092
0092516
0092517
00928
0094
0095
0097
00989133955146
0099
01
010
0100
010010
01001111
0101
01010
01011980
0102
0102012
01020304
01022020
01023
01025
0103
010390
0104
0105
0106
01060
0107
0108
0109
011
0110
011010
0111
01116
0112
01121630
011232234567
0113
01130
01131
01132
01133
01134
01136
0113723
01139
0114
0115
0115053
01155
0117
0118
0119
01194
0119660
01199
012
0120
012010
012017
012019
012020
012023
0121
01210
0121799
0122
01220
0123
01230
012398
0124
01240
0125
01251
01252
01253
01259
0126
01269
0127
0128
01283
01285
01286
01289
013
01302
0132
0133
013533
0137
0139
014
0140
01410
0144
01444
01470000000000482
0149
015
0151
0152
0153
0157
0158
0159
0159484
016
016039
0161
0162
016332
01654720
0166
016836
01688706
0169
017
0170
01704074101
017300
0174
0175
0178
0179159
018
0181
018126810
01847
0185
0188
018982
019
0190
01905
0192
0193
0195
019776
0198
0199
02
020
0200
0201
0201081
02012020
0202
0203
02032021
0204
0205
0206
020601
0207
020714
0208
020800
0209
02091987
0209983
021
0210
02100
021054
021191
021200528
02121011200
02122116440
0212300932
021252
02128541515
02129059999
0213
0213155550
0213440693
0213450759
02134664419
02134831563
0213505151
0213513339
0213858001
0213862143
0214667
0214891708
0215
0215261813
02154372874
0215512946
0215703081
0215720001
02159400988
02159401434
02159995068
0216
0216506559
0217
0217333430
0217501524
0218
02180
02180635162
0218093288
02183781166
0219
021906
0219571234
02196
022
0220
022001
022015
022017
022019
022020
022021
0221
02216927519
0222
022203495355
02224204028
02228
0223
0223034446
02231201153
022344689179
0224
02243546161
02246
02249
0226652207
0227
022701
02271852323
0227271946
02274514317
02281626935
0229
023
0230
0231
0231206330
02313520041
0232
023200000000002774
0233
0234
02341485995
0234272655
02351452057
023565
0237
02370635310
0239
024
0241
024113635421
02416
024199999999993338
0242
0242123683
024215
0243
0243520763
0246711500
0247461645
0248413476
025
0251
02515
02518253630
02518321746
0252
0253
0254
02542410564
026
0260
02600
0261
02614530933
0262
0262232720
0263
0264
0265
02650
0266
0266225180
0267
0269
02691
027
0270000000000437
0271
02711351164
0271637415
0272
027212
0272321020
027276
0273
0273621024
0274
0274143246
0274367381
0274371195
0274540460
0274557722
0274563656
0274631190
0274773169
0274886981
0275
0275123491
0276
027614530933
028
0280
0281
0281632708
0281796031
0282
0283
02830324066
0283350377
0283491016
0284
0285
0285423225
0286
0287
0289
029
0291
0291444001
0292
0293
0293362260
0294
0294381433
0295
0296
0297
0298
0298326130
0299
03
030
0300
03000
0301
030198
0302
030221
0303
0304
03044
0305
0306
0307338
0308
0309
031
0310
0311
031109
03121990
0313
0313985323
0313987877
0314
0315501239
0315916290
0317
0318
03188404848
0318961649
0319
032
0320
032017
032018
032019
032020
032021
0321
0321411250
0322
03225
0324
032680337
0328
032800
033
0330
0331
0331420048
0331487441
0333
0333421118
0334
0335
0336
03361222315
0338
034
0341
0341362101
0342
0343
0345
0349
035
0350
03500
0351
0351464325
0352
0353
03533412133
0354
0354391718
0355
0355322609
0356
0356321010
0357
0358
036
0361
036122791115
0361242011
0361811027
03619351161
0361943049
0362
036222046
0363
0365
0366
036620
037
0370
03707502424
0371
03712628078
03720000000000567
03728
0373
0374
037443142
0376
03762
0378270
038
0380
0380833614
0381
0382
0382518
0383
0384
0385
0386
0387
0388
0389
039
0390223
0394
0395
0396
04
040
0400
04000
0401
04013195611
04013197942
040198
0402
0403
0404
0405
0406
0407
0408
040819
041
0410
0411
041119
04113612383
0411510158
0411512902
0411584677
04117402332
0411872120
0412
0413
041309
0414
0414886
0415
0415246539
0416
0417
0418
0419
042
0420
042013
042014
042015
042017
042018
042019
04202
042021
042022
0420961
0421
042121823
0422
0423
042322264
0425
0426
04262703260
0427
04276
0428
043
0430
0431
04313177610
0431321171
04318383058
0431869262
0432
0433
0434
0434315
0434822816
0435
0437
0438
0439
044
0443
0443471
0445
0449
045
0450
0451
0451244893
0451460570
04514908020
0452
0453
045321301
045498
04552
0456
0457
04594968
046
0461
046121820
0462
0463
0464
0465
046521010
0469
047
0470
0471
0472255
0473
048
0481
0482
048221132
0484
0485
04852
048623
0489
049
049321
0494
0496
049712
0499
05
050
05000
0500888
0501
050102
050198
0502
0503
05032021
0504
0505
05050
0506
050700326
0508
050922
051
0510
05102017
0511
05113252180
0512
051221083
0512484943
0513
0514
0515
05166
0517
0518
0519
052
0520
052015
052017
052018
052019
052020
052021
052022
0521
0522
0525
0526
0527
0528
05280000000000484
0529
053
0530
05300008
053000921
0530820
0531
053121010
0532
053221404
0533
0534
05343037239
0536
05363221767
05363224695
05364200160
0537
0538
0539
054
0540
0541
0541166
0541661015
0541738118
0541741732
0542
0542249
0542762002
0542873901
0543
054324563
0545
0548
054822111
0549
055
0551
055121166
0552
055221118
0553
0554
05555
0556
05574
05586
056
0561
0561737701
0562
0562631798
0563
056336128
0564
0565
056521002
0567
0568
057
0570
0571
058
0581
0584
059
0592
0597
05974
0598
05981
05986
0599
06
060
0600
0601
060100668
060198
0603
0604
0606
060608
0607
0608
0609
061
061022
0611
06112020
0612
0613
0614149777
06142002213
0614536713
0614553832
0614559695
0614567247
0616629655
0616639806
0616641215
0617
0617354973
0617365961
0617862705
0617945865
0617951065
0617990233
0618
06180021800
0618227574
0618360051
0618451986
0618960191
0619
062
0620
062017
062018
062020
062021
0621
06219646
0622
062222959
062223271
062231311
0622433090
062264077
0623
062342415
062393088
0624
0625
0626
0627
0628
062820012
0629
062911344670
063
0631
063122653
0632
06320
0633
063321303
0634
063421780
0636
0639
064
0641
0642
0643
0644
0645
064546334
0646
06499999999999773
065
0650
0651
06512231
065134562
0652
065268
0653
06532001
0654
0655
0656
0657
0658
0659
066
0664
0665
0669
067
0670
06750000000000966
0678
068
0680
0685
0689
069
0690
0693
06965
07
070
0700
0701
070131
0703
0706
0708
0709
071
071022
071047
071057
0711
071100
0711352683
0711354088
0711361529
07115178883
07117537201
0712
0712323889
0713
0714
071555
0717
0717438660
0718
0719
071922190
072
0720
072017
072018
072019
072020
072022
0721
0721703312
0721783613
0722
0723
0724
072422095
0725
072541820
0726
0727
0727322159
0728
0729
073
0730
073000226
0731
0731323080
0732
0733
0734
0735
07357
0736
073652004
0737
0737521118
0738
0739
074
0741
074161692
0742
0743
0744
0745
0746
0747
0748
075
0751
075132371
0752
075221720
0753
0754
0755
0756
0759
076
0760
0761
076123418
076139195
0762
0763
0764
0765
0765440992
0766
0767
0768
076824563
0769
077
0770
0771
07717335203
0772
0773
0776
0776526
0777
0777327808
0778
0778322046
0778364446
078
07817567683
0782
0787
0788
07887
079
0790
0794
08
080
0800
08000
080000723
08001003001
08001008001
08001088888
0800171
08001888777
08001918880
0801
0803
08032021
0804
08042022
080422
0805
0806
080621
0807
080807
0809
081
0811
08111
081110110555
08111021191
081110602999
081110603000
081110604111
081110604222
081110604333
081110604555
081110604666
081110604777
081110604888
081110604999
081110605000
081110605777
081110605999
081110607000
081110607666
081110608111
081110608222
081110608333
081110608555
081110608666
081110608777
081110608999
081110609000
081110609222
081110609333
081110609555
081110609666
081110609777
081110610222
08111141518
08111299893
08111455740
08111743346
08111766935
08111772876
08111772994
081117941234
081119345666
081119525888
081119526888
081119527888
081119529888
081119530888
081119531000
08111996719
0811239675
08112403000
08112500034
08112516831
08112610771
08112633530
08112657775
0811277855
08112804162
08112837505
08112837799
0811303190
08113132511
08113219146
081132293700
08113383633
0811344774
08113508287
08113508418
08113508918
08113531075
08113536370
08113536380
08113544232
08113627096
08113636389
08113776484
08114100431
0811415655
08114203563
08114210322
0811456461
0811483115
0811489138
0811512030
0811568875
08115881946
08116020029
08116171608
08116171900
08116200409
08116605788
08116704492
08116705849
08116711679
08116802921
08116846
08117060555
08117213901
08117217023
0811724527
08117313334
08117570176
0811764577
08118156156
08118331401
0811860134
08118827707
08118877707
0811907649
08119150034
08119472108
08119918001
08119990305
0812
081205071946
081212901386
081213119938
08121324653
08121326282
08121329649
08121560474
081219482999
081219608023
08122049555
081221511173
081221526406
081221652791
081222005822
081222823724
08122381544
08122450030
081225537322
081228192000
081229106198
08122997433
081230081086
081230189988
081230314242
081231566127
08123180008
08123253525
08123256168
081232640739
081232889994
08123301428
081233070860
081233556678
08123363942
081234388321
08123654669
08123666261
081237060295
081237726018
08123809557
08123991356
081241251233
08124125283
081242331412
081242718900
08124275005
081242771118
08124315555
08124422363
08124435999
081246169913
081248774209
081249868848
08125222466
081252705595
081252991877
081253900032
08125428844
081254421050
081256131213
08125965428
08126026962
08126046257
08126092854
081261153944
081263384744
081269000838
081270191556
081272777771
081273295755
08127378730
08127405440
081278379993
08127899765
08127910585
081281533131
081281562620
081282797527
081283537130
081284501008
081286776173
081286871000
081288150727
081288794633
081290051181
081290443214
081290492909
081290764028
081291128047
081291573940
081291827020
081294837555
081296212368
081296494009
081296605747
08129666325
081297190248
081298917564
0813
081305071946
081310506986
081313991961
081314720119
081314831458
081314881750
081315550002
081318035210
081318189868
081321174856
081321272349
081322195223
081325603912
081325709010
081325860732
081326941908
081328218818
081331219116
081331277389
081331761734
081331909993
081332164791
081332472000
081333550370
081334402339
081334626503
081337002881
081337055250
081337761197
081338802896
081339049440
081339312841
081339351283
081341515115
081342748174
081344030017
081344713641
081353691625
081357174937
081357250315
081358253079
081359477057
081360265563
081360401497
081361031143
081361036413
081362124339
081362230396
081363045463
081363202869
081364426130
081365222534
081367634310
081369465982
081370062888
081370444016
081371138625
081371348444
081371412855
081372290033
081373657876
081380017671
081380096611
081380735169
081381238412
081382005529
081382289809
081382350155
081384430364
081388726521
081388968009
081390221928
081391449977
08139155074
081392756771
081397059994
081397655551
081397774523
0815
081511618999
081512345678
081539828043
081548824882
08155775999
081563340309
08156528080
08158153313
08158353105
081585555345
081586086801
08159181000
08159470463
08159584468
0816
08161109192
08164266021
08164338262
08164848971
08165404683
0817
08174946737
08175480185
0817563041
08175787961
0818
081802702272
081802702274
081804090218
081805535755
081805563338
081807078070
081808070089
081808610010
081808889698
081809648050
0818808011
0819
081910004600
081910010037
081910102649
081912735813
081916041063
081992567257
081996505000
081999471247
082
0820
082008
082017
082018
082019
082020
0821
082112694448
082113176977
082114738131
082116998282
082118228812
082119122818
082119134462
082134611660
082135775958
082136282546
082143252988
082144633105
082147737201
082148600090
082160062606
082163975790
082167009817
082167478551
082169509828
082186083238
082186761592
082191251310
082193566393
0821993566393
0822
082210
082214267066
082214450012
082225106999
082227007729
082227022887
082227278046
082232613698
082234271007
082244422255
082259087390
082264904535
082269383133
082273129640
082277675795
082297483299
082298159240
0823
082310727612
082319400227
082329304879
082334116987
082338044777
082340009355
082354925481
082370707010
082378159922
082397560011
0824
08248464246
0828
082817066299
082881132181
083
0830
0831
083262
0834
08351
0838
083871007562
083898628405
084
0843243481
085
0851
085161457254
0852
0852119961313
085214358017
0852153343886
085215566644
085217165640
085220609799
085221747611
085225555317
085230215659
085230562751
085235122300
085236510577
085241842323
085242227795
085244360890
085245997791
085251493366
085252306363
085252701537
085256686707
085259428215
085260046543
085260200755
085260358665
085260604423
085261505031
085262026977
085263567071
085266055957
085277593443
085277705674
085290317166
085294487425
0853
085311133653
085311201150
085322653923
085323185617
085358036048
085360333951
085360860000
085361518532
085372866601
085376697625
085380976369
085381637684
0855
08551919140
0855222098985
0856
085608699658
085612345678
08562174174
08562793618
085643431547
085656703993
08567158827
08568029492
085691944122
0857
085707521619
085722975873
085732456667
085733589902
085748709766
085749525354
085784799977
0858
085815843599
085850001946
085867269344
085888334556
0859
08592158828
085946
086
0860
0863
086883
087
0870
0877
087738048476
087764571986
0878
087808786400
087843802242
087877373555
087887102264
088
0881
0882
088212893755
0884
0888
088801764398
0889
089
0895
0896
089660830676
089699063501
0897
08970007821
0898
0899
08990558199
08998229090
08999997007
09
090
0900
090000479
0901
090100668
090100768
09012023
090123
0903
0906
0907
090707
0908
090880
0909
091
0910
091022
0911
091123
0911344871
0912
0913
0914
0915
0916
0917
0918
091821113
0919
092
0920
092017
092018
092020
092021
092023
0921
09213121281
092161529
0922
092200815
0923
0924
0925
0926
092600
0927
0928
0929
093
0935
093620
0938
0938647
0939
094
0948078
0948590
095
0951
0951321850
0951463
0951464
0952
0954
09540321
095421
095445
0955
0956
0957
096
096199419
0962
0966
0967
0967533616
0969
097
0971
0971321124
0972
0975
0976
098
0980
0981
0983
0984
098421845
0985
0986
0986211440
0988
099
0992
1
10
100
1000
10000
100000
1000000
100000000
10001
10002
10003
10004
10004857
10005
10006
10007
10008
10009
1001
10010
10011
100116
10012
10013
10014
10015
10016
10018
10018822
10019
1002
10020
10021
100218
10022
10022021
10023
10024
10025
10026
10027
10028
10029
1003
10030
10031
10032
100324
10033
10034
10035
10036
10037
10038
10039
1004
10040
100402
10042
10043
10044
10045
10049
1005
10050
10051
10052
10052023
10053
10054
100541
10055
10056
10057
10059
1006
10060
10061
10063
10064
10066
10069
1007
10070
10071
10072
100724
100730
10076
10077
1008
1008001
10081
10085
10086
10087
10088
1009
10090
1009171
10092
100926
10098
101
1010
10100
10101
10102
10107
10108
1011
10110
101108
1011083
10111
101115
10112
10113
10114
10117
10118
10119
1012
10120
10121
10122
10122020
101221
10123
10124
10125
10126
10127
10129
1013
10130
10131
10132
10133
10134
10135
10136
10137
10138
10139
1014
10140
10141
1014109
10142
10143
10144
1014457
101451
10146
10147
10148
10149
1015
10150
10151
10153
10154
10157
10158
10159
101597
1016
10160
101607
10161
10162015
10163
10164
101644
10165
10166
10169
1017
101700
10171
101730
10174
10175
10177
10178
1018
101807
10183
1019
10191
10192
1019209
10193
10196
10197
10198
10199
102
1020
10200
10201
102017
102018
102019
10202
102020
102020005248
102021
102023
10203
10204
10205
10206
10209
1021
10210
10211
10212
10213
10214
10215
102151
102159
10216
10217
1022
10220
10221
10225
10226
102265
10228
10229
1023
10230
10232
1024
10241
10242
10243
10244
10245
10246
10247
10248
10249
1025
10250
10251
10252
10253
10254
10255
10256
10257
10258
10259
10259740
1026
10260
10261
10262
10263
102637
10264
10265
10266
10267
10268
102680
10269
1027
10270
10271
10272
10273
10274
10275
10276
10277
10278
10279
1028
10280
10281
10282
10283
10284
10285
10286
10287
10288
10289
1029
10290
10291
10292
10293
10294
10295
10296
10297
10298
1029879
10299
103
1030
10300
103000421
10301
10302
10302120673
103024
10303
10304
10305
10306
10307
10308
10309
1031
10310
103102
10311
10312
10313
10314
10315
103152
10316
103160
10317
10318
10319
1032
10320
10321
10322
10323
10324
10325
10326
10327
10328
10329
1033
10330
10331
10332
10333
10334
10335
10336
10337
10338
10339
1034
10340
10341
10342
10343
10344
10345
10346
10347
10348
10349
1035
10350
10351
10352
10353
10354
10355
10356
10357
10358
10359
1036
10360
103606
10361
10362
10363
10364
10365
10366
10367
10368
1036853
10369
1037
10370
10371
10372
10373
10374
10375
10376
10377
10378
1037976
1038
10380
10381
10382
10383
10385
10386
10387
10388
10389
1039
10390
103909
10391
10392
10393
10394
10395
10396
10397
10398
10399
104
1040
10400
10401
10402
10403
10404
10405
10406
10407
10408
10409
1041
10410
10411
10412
10413
10414
10415
10416
10417
10418
10419
1042
10420
10421
10422
10423
104237
10424
10426
10427
10428
10429
1043
10430
10431
10432
10433
10434
10435
10436
10437
10438
10439
1044
10440
10441
1044133
10442
10443
10444
10445
10446
10447
10448
10449
1045
10450
10451
10452
10453
10454
10455
10456
10457
10458
10459
1046
10460
10461
10462
10463
10464
10465
10466
10467
10468
10469
1047
10470
10471
10472
10473
10476
1048
10481
10482
10483
10484
104843
10488
1049
10490
10491
105
1050
10501
10501532391280758370
10503
10504
10505
10506
10507
10507469
1051
10510
10511
10512
10513
105131
10514
10517
10518
10519
1052
10520
10521
10522
105227
10523
10524
105246217
105250
10526
10528
1053
10530
10531
10532
10533
10534
10535
10537
10538
10539
1054
10540
105418
10542
10544
10545
10549
1055
10550
10552
10553
105548
10555
10557
10559
1056
10560
10561
10563
10564
10565
10566
10568
10569
1057
10570
10572
10573
10574
10576
10577
10579
1058
10581
10582
10583
10585
10588
10589
1059
10590
10591
10593
10595
105957
10596
105967
10597
10598
10599
105999
106
1060
10600
10601
10602
106025
10603
10604
10605
10606
10607
10608
10609
1061
10610
10611
10613
10614
10615
10616
10617
10618
10619
1062
10620
10621
10622
10623
10624
10625
10626
10627
10628
10629
1063
10630
10631
10632
10633
10634
10635
10636
10637
10637794
10638
10639
1064
10640
106407
10641
10642
10643
10644
10645
106469
10647
10649
1065
10650
10651
10652
10653
10654
10657
10659
106592
1066
106600
10662
10663
10664
10665
1066502
10666
10667
10668
10669
1067
10670
10671
10672
10673
10675
10677
1068
106827
10688
1069
10690
10691
10692
10696
10699
1069905591
1069989491462111232
107
1070
10701
10702
10703
10704
10705
10706
10707
10708
10709
1071
10710
107114
10712
107131
10716
1072
10720
107220
10723
10724
10726
1073
10730
10731
10732
10735
10737
1074
10740
10741
10742
10743
10745
10746
10747
10748
10749
1075
10752
1075749629787010
10758
107585
10759
1076
10761
10763
10765
107656
10766
10767
107670
107673
10768
107682
1077
10774
10775
10776
107766
10777
10778
10779
1078
10780
10781
10782
10783
10787
1079
10790
10792
10794
10795
10796
10797
10798
10799
108
1080
10800
10801
10802
10803
10805
10808
1081
10810
10813
10818
1082
10820
10822
10823
10825
10828
10829
1083
10832
10833
10834
10837
1084
10841
10842
10843
10844
10845
10846
10846299
10847
10848
1085
10850
10851
10852
10854
1086
10864
10866
10869
1087
10872
10873
10874
10875
10877
10878
1088
10880
10881
10883
10885
10886
10887
1088888
10889
1089
10890
1089038
10891
10892
10893
10894
10895
10896
10897
10898
109
1090
10900
10901
10902
10905
10906
10908
10909
1091
10910
10911
10913
10915
10916
10917
109183
1092
10920
10923
10924
10925
10926
10927
10928
10929
1093
10931
10936
10938
1094
10943
10945
10946
10949
1095
109512
109514
109524
10953
10958
1096
10962
10968
10969
1097
10976
10979
1098
10982
10983
10984
1099
10990
10993
11
110
1100
11000
11002
11005
11007
11008
1100806613409940646116083228270
110087
11009
1100953439
1101
11010165
11011
11012
11013
1102
110201
11023
11025
11027
11028
11029
1103
110311
11032016
110342
1103805251015703
11039
1104
11040
11043
11044
11045
11046
11047
11048
1105
11050
11054
1106
1106288586
11065
110652
11067
11069
1107
11071
11072
11077
1108
11080
110801
1108169851
11085
11086
1109
11091
11093
11094
11097
11098
111
1110
11100
111004
11101
11102
111022
11103
11104
11106
11107
11108
1111
11110
11111
11112
11113
11114
11115
11116
111161
11117
11118
11119
1112
11120
11121
11122
11127
1113
11130
11138
1114
11140
111401
11141
1114654797
1115
11150
11151
111514
11152016
11154
11155
111564
11157
11158
1116
11160
111607
111609
11161
111658
1117
11171
11172
11178
1118
11183
11186
11188
11189
1119
11190
11191
11194
11197
112
1120
11200
11201
112015
112018
11202
112020
112021
11203508
1120389102
11207
11208
1121
11212
11214
112198
1122
11220
11226
1122615858
11227
11228
11229
1123
11230
11235
112355
1124
11241
11242
11247
112471
1125
112506
11254
11255
11258
11259
1126
11260
11261
112616062
11265
11266
11267
11268
1127
112710
11277
11279
1128
11280
11281
11282
11283
11284
11285
11286
11289
1129
11290
11291
11292
11295
113
1130
113000721
113007
11304
113065
1131
113100423
1131525173
1131637242
11319
1132
11320
1132022
11321307
11324
1133
11332
11332043
11333
11334
11335
113363
11339
1134
11340
11345
11346
113463
11347
1135
11351
11353
11355
11355583
11356
11358
11359
1136
1136091347
11361
11364
11367
11368
1137
113703
11371
113719
113720
113728
11373
113740
11378
11379
1138
113836193
113836410
11387
1139
11391
11392
113921
11393
11394
113952
11398
11399
114
1140
11400
11401
11404
11405
11406
11407
11408
1141
11410
11411
114120
11414
11416
11417
11419
1142
11420
11422
11424
11429632
1143
114319
11436
1144
11440
11441
11447
11447416
1145
11450
11451
11454
11455
11456
1146
11460
11463
11465
11466
1147
11470
114708
11471
11472
11473
11474
11477
11478
11479
1148
11480
114898
1149
11490
11491
11496267
11498
115
1150
11503
11504
11505
11506
11507
1151
11510
115110141
11513
11516
11519
1152
11520
11521
1152141501
11523
11525
11526
11527
11529
1153
11530
11532
11535
11536
115378
115388
11539
1154
11540
11542
11543
115437
115447
11545
11547
1155
11552
11554
11555
11559
1156
11560
11561
115633
115639
11565
11566
11569
1157
11570
115703
11571
11573
1157312203
11575
11579
1158
115801
115809
11581
11584
11585
11586
1159
11592
11593
11594
115965
116
1160
1160001010239749961
1160001010247031649
11602
116026
11603
11604
11605
11608
1161
11610
11612
11616
1161694
1161706
1162
11620
1162041805
11621
11622
11627
11629
1163
11630
11633
116330
11634
116340
11636
1163710166
11639
1164
11640
11644
11645
116453
11647
11648
11649
1165
11650
1165230047
11656
11659
1166
11661
1166214
11664
11665
11667
11668
11669
1167
11670
11672
11675
11676
11677
1168
11681
11683
11686
11689
1169
116918
116927
11693
11694
116969
11697
11699
117
1170
11701
11702
11703
11704
11705
11706
11707
11708
11709
1171
11710
11711
11712
11713
11714
11716
11717
11718
11719
1172
11720
11725
11726
11727
11728
1173
11730
11734
11736
11739
1174
11742
117455
11746
117465
11747
11749
1175
11750
11752
11757
11758
117583
11759
1176
11765
11766
11769
1177
11773
11774
117773
11778
1178
117807
11785
11786
11788
11789
1179
11790
11791
11798
11799
118
1180
11800
11803
118043
118050
11806
1181
11812
118149
11817
118180022
1182
11823
11824
11825
11826
118270093
11829
118295
1183
11830
11832
11833
11837
1184
11840
11847
11848
118488
1185
11850
118542
118588
1186
118604
11861
11863
1187
118700
11872
11877
1188
118832
11885
1189
119
1190
119036
11904
11905
11906
11909
1191
11910
11913
1192
11920
119221
11923
119231
1193
11931
11934
11935
11937
11938
11939
1194
11940
11941
11942
11944
11945
11948
11949
1195
11950
11953
11957
1196
11967
11967777455308234155
119690
1197
11971
11972
11976
11977
1198
11980
11981
11982
11985
11986
119869
11987
11988
11989
1199
11990
11991
11992
11996
12
120
1200
12000
12002
12008
12009
1201
12010
12012
12014
12015
12016
120165
12018
1202
120200168
12021
12022
12024
12025
12027
1203
12030
12031
12032
12032542
12034
12035
12036
1204
12040
12040109
12041
12042
12042022
120425
12045
12047
12048
12049
1205
12050
120500465
120506
120508
120526
120574
120596
1206
12060
120608
12061
120635
12064
12067
12068
12069
1207
12070
12072
12073
12074
12076
12077
12078
12079
1208
12081
12083
12086
12087
1208740
12088
1209
12090
120904
12091
120910
12092016
12095
12096
121
1210
12100
12102
12107
12109
1211
12110
12112
1211276
12114
12115
12115450
12117
12119
1212
12120
121212
12122
12122022
12123
12124
12125
12127
12128
1213
12131
121312
121339
12136
12137
12139
1214
12140
12143
12145
12146
12149
1215
12150
12152
12154
12157
12159
1216
12160
121604
12161
121635
12165
12166
12167
1216776
12169
1217
12170
12174
1218
12180
12183
121835
12185
12186
121885
121886
121889
121895
1219
12190
121907
12199
122
1220
122005
122017
122018
122019
122020
122021
122023
12203
12205
12206
12208
12209
1221
12210
122107
12213
12215
12216
12218
1222
12220
12221
12222
12224
12226
12227
1223
12230
12231
12235
122370
1224
12240
12243
12245
12246
1225
12250
12252
1225448
12256
1226
12260
12261
122610
12264
12266
1227
12271
12273
12275
12279
1228
12280
122816
12286
12289
1229
122910
12293
12294
12295
12296
123
1230
12300181
12302
12304
12306
12307
1231
12310
12312
12313
12317
1232
12320
12321
12322
1233
12330
12332
12333
12335
1234
12340
12343
12345
123456
12345678
123456789
12345678910
123456789101112131415161718
12346
1235
12351
12352
12354
12355
12357
1236
12365
12368
12369
1237
12370
12371
12372
12373
12374
12375
12376
12377
12378
12379
1237972
1238
12381
12382
12383
12384
12385
12386
1239
123914
12392
12393
12394
12395
12398
124
1240
1240005162905
12401
12403
12404
12406
12407
12409
1241
12410
124100176
12411
12412
12413
12414
12415
12416
12417
12418
124181
12419
1242
12420
12421
12422
124224
12423
12424
12427
12428
1243
12430
1244
12440
12442
12444
12445
12446
12447
12448
12449
1245
12450
12451
124545
12455
124550
12456
12457
1246
12460
12461
124627
12463
12464
12465
12467
12468
12469
1247
12470
12471
12472
124722
12473
12474
12475
12476
12477
12478
12479
1248
12480
1248001000118024757
12481
12482
124824
12484
124844
124858
1249
12490941
124914
1249485
124959
12496
12498
12499
125
1250
12500
12501
125010
12503
12504
1250450
12505
12506
12507
12508
125083
12509
1251
12510
12511
12512
12513
12514
12515
12516
12517
1252
12520
12521
12523
12525
12525610
12526
1252760
12529
1253
12530
12531
125325
12535
125366
12537
125375
12539
1254
12540
12541
12542
12543
12544
12545
12547
12549
1255
12550
12551
12552
12554
12555
12559
1256
12560
12564
12565
12566
12567
12568
12569
1257
12570
12571
12572
12574
12575
12576
12577
12578
1258
12580
12582
12584
12586
1258612
12587
125878
12588
125898
1259
12590
12592
12594
12595
12596
12597
12598
1259873
12599
126
1260
12600
12601
12602
12604
12607
1261
12610
12611
1261304280552197
12615
12616
12617
126182
12619
1262
12620
12621
12623
12624
12625
12626
12627
12628
12629
1262914
1263
12630
12634
12639
1264
12640
12645
12646
12647
12648
1265
12650
12652
12655
12656
1266
12660
12661
12667
126687
1267
1267082
12671
1267167
12672
12673
12679
1268
12683
12685
12688
1268851591610557809
12689
1269
12691
12692
12693
12694
12695
12696
12697
12698
127
1270
12700
12704
12706
12708
1271
12710
12711
12713
12715
12716
12717
12719
1272
127207
12722
12723
12724
12727
12728
12729
1273
12730
127302
12731
12732
127329
12733
12739
1274
12740
12742
12743
12744
12745
12746
12747
1275
12750
12753
12756
12758
12759
1276
12760
12764
12769
1277
12770
127701
12771
12773
12775
12776
1278
12780
12781
12783
127848
12785
12786
127868
12787
1279
12790
12792
1279367
12794
12796
12799
128
1280
12800
12802
12803
12804
12805
12806
12807
12808
1281
12810
12811
12812
128121
12813
12818
12819
1282
12820
12822
12829
1283
12832
12837
12838
12839
1284
128407
12841
12842
12848
12849
1285
12850
12851
12853
12855
12856
128571
12859
1286
12862
12864
12865
12866
12867
1287
12870
12872
12873
12874
12878
1288
12880
12882
12883
12884
12887881
12888
1289
12895
12897
129
1290
12900
12902
12903
1291
12910
12913
12915
12917
12918
12919
1292
12920
12921
12922
1292477
12926
12927
12928
1293
12930
12931
12936
12937
12938
12939
1294
12940
12941
12943
12944
12945
12946
12948
1295
12950
12951
12952
12953
12954
12956
12957
12958
1296
12960
12961
12962
12963
12964
12965
12966
12968
12969
1297
12970
12974
12975
1298
12980
12981
12982
12987
12989
1299
12991
12993
12995
12997
13
130
1300
13000
130000379
130000521
13001
13003
13005
13008
13009
1301
13010
13013
13014
13016
13017
13018
13019
1302
13020
130202
13021
13022
13023
13025
13026
130278253164173
13029
1303
13030
13031
13033
13034
13035
13036
13037
13038
1304
13040
13041
13042
13043
13044
13045
13046
13047
13048
1305
13051
1305596
13056
13059
1306
13062
1307
13071
13072
130726
13073
13073791
13074
13076
13077
1308
13083
1308480
13085
13086
13087
13088
13089
130897
1309
13091
130910
13092022
13096
13097
131
1310
13100
13103
13104
13109
1311
13110
131107
13111
13113
13114
13116
13118
1312
13120
13122
13123
13124
13125
13126
13127
13128
13129
1313
13130
13131
13132
13133
13134
13135
13136
13137
13138
13139
1314
13140
13141
13143
13145
13149
1315
13150
13155
13158
1316
1317
13170
13171
13174
1318
131800
13181
13182
131828
13183
13184
13185
13186
13188
1319
13190
13191
131929
13193
131936
13194
13195
13196
13197
13198
13199
132
1320
13200
13201
132017
132018
132019
13202
132020
132021
13203
13204
13205
13206
13208
13209
1321
13210
13211
13212
13212900
13213
13214
13215
13216
1321652
13217
13219
1322
13220
13222400
13225
132278
1323
13231
13232
13233
13234
13234821
13236
1324
13240
13241
13242
13243
13244
13245
13246
13247
13248
13249
1325
13250
13251
1325172
13254
13255
13256
13257
13258
13259
1326
13260
132609
13261
13262
13263
13264
13265
13266
13268
13269
1327
13270
13271
13272
13274
13276
13277
1328
13281
132829
13284
13285
13287
13288
13289
1329
13290
13291
132914
13292
13294
13297
13298
13299
133
1330
13300
13301
13302
13303
133035
13306
13308
1331
13310
13314
13315
13316
13317
13318
13319
1332
13320
133200368
13323
13325
13326
13327
13328
13329
1333
13330
13332
13333
13334
13335
13337
13338
13339
1334
13340
13343
13346
13347
13348
133482
1335
13350
13352
13353
13354
13355
13357
13358
13359
1336
13361
13362
133624
13363
13364
13367
133672
13368
13369
1337
13371
13373
13374
13375
133769
13377
1338
133804
13382
13383
133848
13386
13388
1339
133905
13392
13394
13395
13396
13397
13398
133986
134
1340
13401
13402
13406
134060
13407
1341
13410
13411
13413
1341341
13415
134163
13419
1342
13420
13421
13424
134242
13425
13426
13427
13428
1343
13430
13431
13432
134326
13433
13434
134345
13435
13437
13438
13439
1344
13440
13442
13443
13444
134444
13445
13446
13447
134478
13448
13449
1345
13450
13451
13452
13453
13457
13458
1346
13460
13462
13463
13464158
13465
13466
13467
13468
13469
1347
13470
13471
13472
13473
13474
13475
134766
13477
13479
1348
13480
134827326
13485
13488
1349
134902
13491
13492
13493
13494
13495
13496
13497
13498
13499
135
1350
13500
13501
13502
13504
13505
13507
13508
135084
13509
1351
13511
13511341
13512
13513
13515
13516
13517
13518
1352
13520
13522
13523
13525
13526
13527
13528
135288
13529
1353
13530
13532
13533
13536
13537
13538
13539
1354
13540
13543
13544
13545
13549
1355
13550
13551
13552
13553
13554
13555
13556
13558
13559
1356
13560
13561
13564
13565
13567
135683
13569
1357
13570
13571
135720
135733
135748
13575
13578
13579
1358
13580
13582
13583
13584
135848
13585
13586
13587
13588
1359
13590
13591
13595
13596
13598
136
1360
13600
13603
13604
13606
13608
13609
1361
13610
13611
13612
13613
13614
13615
1361580
13616
13617
13618
13619
1362
13620
13621
13622
13623
13624
13625
13626
13627
13628
13629
1363
13630
13631
13632
13633
13634
13635
13636
13637
13638
13639
1364
13640
13641
13642
13643
13644
13645
13646
13647
13648
13649
1365
13650
13651
13652
13653
13654
13655
13659
1366
13660
13661
13663
13664
13665
13666
13667
13668
13669324
1367
13670
136711
13672
13673
13674
13675
13677
13678
13679
1368
13680
13681
13682
13683
13684
13685
13686
13687
13688
13689
1369
13690
13691
13692
13693
13694
13695
13696
13697
13698
13699
136998
137
1370
13700
13701
13702
13703
13704
13705
13706
13707
13708
13709
1371
13710
13711
13712
13713
13714
13715
13716
13717
13718
13719
1372
13720
13721
13722
13723
13724
13725
13726
13727
13728
13729
1373
13730
13731
13732
13733
13734
13735
13736
13737
13738
13739
1374
13740
13741
13742
13744
13745
13746
13747
13749
1375
13751
13752
1375205
13753
13754
13755
13756
13757
13758
1376
13760
13761
13764
13765
13766
13767
13768
13769
1377
13770
13771
13772
13773
1377330
1377340
13774
13775
13776
13777
13778
13779
1378
13780
13781
13782
13783
13784
137848
13785
13786
13787
13788
13789
1379
13790
13791
13792
13793
13794
13795
13796
13798
13799
138
1380
13800
13801
13802
138021
13803
13804
13805
13808
13809
1381
13810
13813
13816
13819
1382
13820
13822
13823
13825
13826
13827
13828
13829
1383
13830
13831
13832
13833
138333
13834
13835
13836
13837
13838
13839
1384
13840
13842
13843
13845
13847
13847709
13848
13849
1385
13850
13852
13853
13854
13855
13856
1385615742
1385615827
13857
13858
13859
1386
13866
13867
138692
1387
13871
13872
13873
1387359423
13874
13876
13877
138787
13879
1387953
1388
13882
13883
13884
13886
138881
1389
13890
1389066473
13891
13892
13894
138959
13896
13897
13898
13899712680525796178
139
1390
13900
13901
139016
1390178986
13903
13904
139044
13905
13906
13907
13908
13909
1391
13910
13911
13912
13913
13914
1391425686
1391519955
1391520776
1391669989
1391670473
13917
13918
13919
1392
13920
13921
1392188289
13922
13923
1392379972
13924
13925
13926
13927
1392721543
13928
13929
1392974259
1393
13930
13931
13932
13934
1393492940
13935
1393589310
13936
13937
13938
13939
1394
13940
13941
13942
13943
13944
13945
13946
13947
13948
13949
1395
13950
13951
13952
13955
139552
13956
13957
13958
1396
13966
13967
13968
1397
13970
1397121170
13972
1397221844
13973
13974
13975
13976
1397744230
1397745329
1397745502
13979
1398
13980
13982
13983
13984
13985
13986
13987
13988
1398853080
1398853214
1398853421
1398853742
13989
1399
13990
13991
13995
13996
13997
13998
13999
14
140
1400
14000
140001
14000512
14001
14002
1400296
14008
14009
1401
14010
1401154187
14012020
140126
1401345339
140136
14014
14015
14016
14017
140174
14018
14019
1402
14020
14022
14023
140230
14024
14025
14027
14028
14029
1403
14030
1403011376
1403012162
14031
14032
14032023
14033
14034
14035
14036
1403692353
1403692802
14039
1404
14041
1404113
14042
140426
14043
14044
14046
14047
14049
1405
14050
14051
140519
14052
140520
14053
14054
1405403
14055
1405506
1405547965
14056
1405662410
1405675102
14057
14059
1406
14060
14061
1406196922
1406197747
14062
140625
14063
14064
14064655
14064695
14067
14068
14069
140699
1407
140707
140710
140711
140714
14072
140721
14073
14074
14075999
14078
1407904379
1408
14080
14082
14083
140861
14087
14089
1409
1409046472
14094
14096
141
1410
14100
141021482
14103
1410531318
14106
14109
1410943461
1411
14115
14116
14117
1412
14120
14121
14122
14122021
1412236662
14123
14124
14125
14127
14128
14129
1412970842
1413
14130
141302
14131
14132
14133
14136
14137
1413771977
14139
1414
14140
14142
14143
14144
14145
14146
14147
1415
14150
14151
14152
141528
14154
14155
1415594373
1415594760
14158
14159
1416
14160
141609
1416196
14162
1416277
14163
1416384377
14164
1416474778
1416544245
14166
14167
14169
1417
14170
14174
14175
141756
14176
141784
14179
1418
14181
14183
14184
14185
14186
14187
14188
14189
1419
14190
14191
14192
141920
14193
14194
141959
14196
14199
142
1420
1420165704
142017
142018
142019
14202
142020
142022
14203
14204
14206
14207
14208
14209
1421
14210
14211
14212
14213
142133628
142134
14214
14216
14217
14219
1422
14220
14221
14222
14223
1422321050
1422321259
142238935240716
1423
14230
14232
14233
14235
14236
14237
14239
1424
14240
142423578
14243
14244
14245
142451
14247
142477
14248
14249
1425
14250
14251
14252
14253
14254
14255
14256
14257
14258
14259
1426
14260
14261
14262
14263
14264
14265
14266
14267
14268
14269
1427
14270
14271
14272
14273
14273001
14274
14276
14277
1428
14280
14281
14283
14286
14287
14288
1429
14290
14293
14295
14296
14297
14298
14299
143
1430
14300
14301
14302
14303
14304
143047
14305
14306
14307
14308
14309
1431
14310
14311
14312
14314
1431408283
14316
14317
14319
1432
14320
14322
14323
14325
14326
14327
1433
14330
14333
14334
14335
14337
14338
1433820723
1434
14341
14342
14345
14347
1435
14350
14352
14353
14354
14355
14356
14359
1436
14361
14362
14365
14366
14367
1436717915335190505992
14368
14369
1437
14370
14371
14372
14373
14374
14375
14376
14377
14378
14379
1438
14380
14381
14382
14383
14385
14386
14388
14389
1439
14390
143909
14391
14392
14393
14394
14395
1439692
14397
14399
144
1440
14402
14403
14404
14406
14407
1441
14410
14411
14412
14413
14414
14417
14418
14419
1442
14420
1442023
14422
14423
14424
1442980999
1443
14430
1443426
1444
14440
14441
14443
14445
14447
14449
1445
14450
14450416
14456
14457
1446
14460
14461
144616
14465
14466431
14467
14469
1447
14470
14476
1448
14480
14481
14482
14485
14486
1449
14492
14493
14495
14497
145
1450
14500
14503
14507
14508
1451
14510
14511
14515
14516
14517
14518
14519
1452
14521
14522
14523
14524
14526
14528
14529
1453
14539
1454
14544
14546
14547
1455
14551
14557
14558
14559
1456
14561
14562
14565
1457
14570
14571
14572
14575
1458
14581
14583
14584
1459
14593
145949
1459494211063
1459494247523
1459494276466
1459494305848
1459494340048
14597
1459760866057
1459761492015
14598
14599
146
1460
14600
14601
14602
1460250
14605
14608
1461
14612
14613
1462
14621
14626
1463
14636
14637
14638
1464
14641
146419
14644
14646
14647
14648
14649
1465
14650
14651
14652
14653
14654
1466
14660
14661
14662
14663
14664
14665
14666
14668
14669
1467
14672
14675
14676
14677
14678
14679
1468
14680
14681
1468111
1468243
1468244
1468246
14683
14684
14686
14687
14689
1469
14694
14696
14697
147
1470
14701
14702
14703
14705
1471
14710
14712
14714
14716
1471858779944
14719
1472
14720
14721
14724
14725
147258
14726
14727
14728
1473
14737
1474
14745
147475
14749
1475
14752
14753
14756
14757
14758
1476
14762
1477
14771
14772
14775
1478
14782
14783
14784
1479
147914
147925
14797
148
1480
14800
14804
14807
1481
14811
14817
14819
1482
14820
148209
14823
14825
14828
14829
1483
14835
14836
1484
14841
14842
1484571
14846
1485
14850
14851
14855
148554
148555
148557
14856
1486
14863
14865
14869
1487
1488
14884
14885
1488512
14887
14889
1489
14895
148994
149
1490
149059
1491
14913282
14914
14916
1492
14923
14925
14926
1492645
1493
14933
14933836
14934
1494
14940
1495
1495247629416
1495247629417
1495247629418
1495247629419
1495247629420
1495247629422
1495247629423
1495247629424
1495247629425
1495247629426
14955
1495625
1495679
1496
14960
14968
1497
1497016789912
14971
14978
14979
1498
1499
14992
14993
14994
15
150
1500
15000
1500000
15000012345
15000146
1500043
1500046
1500059
1500090
1500098
1500131
1500146
1500151
1500153
1500159
1500161
1500250
1500257
15003
1500300
15004
1500494
1500511
1500567
1500569
1500611
1500688
1500801
1500803
1500810
15009
1500919
1500927
1501
15010
15011
150119
15016
15018
1502
150200226
15023
15024
15025
1503
15030
1503034
15032016
15032018
15033
15036
150377
150384
1504
150400168
150409
15041
15047
1505
15051
150519
150521
15059
1506
150605
15061
15062021
15064
15065
15066
15067
15068
15069
1507
15070
15071
15072
15073
15074
1508
15089
1509
150909
15092
15096
151
1510
151006
15102
1510669066
1511
15111
15112
15113
15114
151144
15116
15117
15118
1512
15121
15122
15123
15124
15125
15126
15129
1513
15131
151314
151325
15133
15135
15136
15138
1514
15140
15141
15142
15144
15147
15148
1515
15151
15157
15158
1516
151602
15163
1517
1517361775025
15174
1518
15184
15189
1519
15194
15195
15197
152
1520
152017
152018
152019
152021
152022
152023
15206
1521
15211
15219
1522
15221
15222
1522251304
15224
15227
15229
1523
15232
15233
152349720
15235
15236
15237
15238
15239
1524
15240
15241
15242
15243
15244
152442
15245
1525
15255
15257
1526
1527
15270
1527702937722
15278
1528
15280
15284
15285
1529
152927
15296
153
1530
15300
15302
15303
15304
15307
15308
1531
15310
15314
15315
15316
15318
1532
15320
15321
15322
15324
153263193553818999
15328
15329
1533
15330
15332
15333
15334
15338
1534
15341
15344
15345
1534528
15346
15348
15349
15349063
1535
15355
1536
15369
1537
15373
1537594
1538
15384
15387
1539
15397
154
1540
15402
15405
15407
15408
1541
15410
15411
15412
154120
15413
15414
154155156157
15416
1541661474
15417
15418
15419
1542
15422
15423
15424
1543
15435
15437
15439
1544
15441
15444
15445
15446
15448
15449
1545
15452
15453
154531
15454
15455
15456
1545643607
15457
15458
15459
1546
15460
15461
15462
15463
15464
15465
1546774
1547
15471
15475
15479
1548
1549
15495
15498096
154984
155
1550
1551
15510
15513
15515
1552
15521
15524
15527
1553
15535
1554
15542
15544
15545
15546
1555
15550
15556
1556
15560
15561
1557
15570673
15571
15578
1558
155836
1559
15592
156
1560
1561
15610
15615
15616
15617
1562
15627
15629
1563
15634
1564
15640
15641
15644
15646
15647
15648
1565
15650
1566
15666221756848734488
1567
15678
1568
15686
15687
1569
15691
15693
15696
157
1570
15706
1571
15710
15711
15713
15714
15716
1572
15720
15721
1573
15730
15734
1574
15740
15742
1574434
1575
15751
15755
15756
15757
15758
1576
15766
15768
15769
1577
15770
15773
15773973
157749
15775
15776113
15778
1578
15781972
1579
15796
158
1580
15804
15807
1581
15810
15811
1582
15820
15822
1583
15830
15831
15832
15833
15835
1584
1585
15853
15854
1586
15869
1587
15873
1588
15887
1589
15895
158977
158988
159
1590
1590162
15902
1590347349425651712
1591
15912
1591923967
1592
1593
159301
15936
15937
15938
15939
1594
15940
15941
15942
15943
15944
1594591424
1595
1596
15967
1596717
1597
159769
159780
1598
1599
15990
15997
16
160
1600
1601
160113
160114
160116
16014
1602
160229
16024
16025
16026
16027
1603
16034
16035
16036
16037
16038
16039
1604
16040
16041
16042
1605
160502
16052
16053
16056
16059
1606
160627
160659
1606673
1607
16070
16071
16072
16073
1608
16088
1609
16090
160915
161
1610
16107
1611
161100
161111
161123
161125
161127
16114
16117
1612
16122
16124
16125
161254
161259
1613
16134
16137
161387
1614
16143
16146
1614737
1614754
16148
1615
16151
16153
16153326
16154
16157
16158
1616
16160330
16162
161628
16163
16164
16168
16169
1617
161702
1618
16182
16183
16187
161899
1619
16192662
16193
162
1620
16201
162019
162020
162021
162022
16207
16209
1621
162103
162131
16216
1622
1623
1624
16242
16249
1625
16253
16255
1626
16263
16264
16265
16266
16269
1627
16272
1628
16281
1629
16291
16293
162937
16295
163
1630
16305
1631
16310
163100268
1631065555
1631065698
1631066286
1631066873
1631067142
1631067830
16315
1632
163249
163294
1633
16330
163304
16333
1634
16340
1635
16351
16352
16354
1636
16365
1637
163708982
16371
1638
16382
16384
1638756555
1639
16391
16391901
16392
1639564577
1639717094
164
1640
16405
16407
16409
1641
16411
16412
16413
16414
16416
16417
1642
16421
16423
16424
164245
16425
16426
1642752875
16428
1643
16431
16432
1643200901
16433
16434
1643413360
164345
164355
16436
16437
164370
16439
1644
16441
16443
164431
16444
16445
164482
1645
16451
164528
16453
16454
16459
1646
16463
1646380062
16465
1647
1648
16485
1648711230
1648802680
1649
164916
16492
16495
16496
1649910934
165
1650
16508
1651
16511
16514
16515
16516
16519
1652
16524
1653
16530
1653016105
16533
1653618476
1654
16542
16544770
16546
16548
1654850856
1654851108
1655
16555
16557
1655702
16558
16559
1656
16560
16564
16566
16567
1657
16570
1657099424
16571
16574
16576
16577
1658
16581
165818
16582
16583
1658387048
16584
16586
16587
1658993940
1659
16592
1659433043
1659665126
1659949507
166
1660
1660011039997
1660193281
1660481
1660615640
16607
16608
16609
1661
16610
16612
16613
16614
16615
16617
16618
1662
16620
16623
16624
16625
16626
16627
16628
1663
16630
166333
16639
1664
16649
1665
16650
1665455
16655
16656
16657
1666
16660
16664
16668
1667
16672
1667357492
1667377698
16678
1667831
1667889274
16679
166792
1668
16680
1668465
1669
1669099505
1669273965
16693
1669626625
1669697970
16698
1669871548
1669952847
167
1670
16700
16706
1671
16710
1671019
16711
1671411528
1672
16720
16721
16723
16725
16726
16729
1673
16737
1674
16741
16746
1675
1675392560
1676
1677
16770
1678
1678421520
16787
1678766057
16788
1678962197
1679
1679034436
1679293196
1679304407
168
1680
16807
1680761397
1681
16810
1681069
1681182129
1681466421
1681775
1681808942
1682
16820
1683
16830
16831
16833
16834
1683854433
1683855137
1684
16844
1684926245
1685
16852
1686
1686226688
1686566705
168674
1686794326
168685
1687
1687768216
1688
1688256560
1688459810
1688707344
1688752182
1688752961
1688756164
1688756282
1688757635
1688758276
1688762150
1688762692
1688764414
1688765581
1688766765
1688767733
1688804518
1688807527
1688808145
1688808363
1688808374
1688809451
1688810929
1688811966
1688813473
1688817202
1688817383
1688817384
1688817386
1688818609
1688818650
1688820280
1688821374
1688823076
1688823787
1688823789
1688823805
1688823841
1688823912
1688823918
1688823919
1688823922
1688823924
1688824067
1688825643
1688825651
1688825658
1688825668
1688827904
1688829292
1688829666
1688830318
1688832172
1688832234
1688832526
1688832559
1688838078
1688838845
1688839164
1689
1689750898
1689756891
1689762339
1689771597
1689772859
1689784419
1689788916
1689788927
1689789010
1689789293
16897920
169
1690
1691
16911
16912
16914
16916
16917
1692
16922
1693
16933
1694
1694270
1694271
1695
16952
1696
16962
1697
1698
1699
17
170
1700
17000
1700123
17009
1701
17012022
170122
170131
1702
17020
17024
17025
1702898
1703
170306
17031
170313
170320
170327
1704
17048495
1705
1705046
170515
170516
170522
17052471
17053
1706
17067738
1707
170748
1708
170800026
1709
171
1710
171004
17106
1711
17111
17112
17113
17114
17116
1712
17121
17122
17122020
17123
17124
1713
17131
17132
17133
17134
17135
17139921
17139934
1714
17141
17142
17143
17144
17147
17148
1715
17153
17155
17158
1716
17166
1717
17175
17178
1718
1719
171993
172
1720
172017
172018
172019
172020
172022
172023
1721
1722
172269
1723
17230
1723199
17239
1724
17240
17245
1725
172518658716488
172557
172570
1726
1727
1728
17280
17285
17286
1729
173
1730
17301
1731
17318663
1732
1733
17331
17334
1734
17345
1735
17354
17355
17356
17356011
1736
1737
17377
1738
17383
17384
17387
1739
1739941
17399991
174
1740
1741
17411
17412
17413
17414
17417
1742
17421
17423
1743
174313
17433
17435
174361
17439
1744
17446549
17449
1745
1746
1747
17477
1748
17483
1749
1749502
175
1750
17503
17507
1751
17510
17516
17517
1752
17520
17526
17527
1753
17530
17532
1754
1755
17550
175539
1756
1756424
17565011
1757
1758
1759
1759024
1759991
176
1760
1761
1762
17624
1763
17630
1763217
1764
1765
17659
1766
1766815
1767
1768
1769
177
1770
177011
177022
1771
1771817
1772
1773
1774
1775
1775100
17753
1776
177642
1777
17770
1778
1779
17792460
17794
178
1780
1781
1782
1783
1783392
1784
17840
17841
1785
1786
1787
1788
17884
1789
17897
179
1790
17904
17907
17909
1791
17910
17911
17912
17913
17915
17919
1792
17921
17922
17923
17926
17927
17929
1793
1793449
1794
17947400
1795
179501
1796
17967
17968
1797
1798
1799
17990
18
180
1800
18000
180000765
18001
18002
180025
1801
180101
18011
1802
1803
1804
18042023
1805
1806
1807
18072
18079
1808
1809
181
1810
181000426
18102019
1811
1811069
1812
18122020
1813
18136
1814
1814400
1815
18151
18153
18154
1816
1817
18177
1818
1819
1819421161436354
1819469
182
1820
182017
182018
182019
182020
182021
18205733
18205746
1821
1822
1823
1824
1825
1826
1827
18272
1828
18285
18289
1829
18292
18293
18297
183
1830
1830648
1831
1832
183200665
18323
1833
18334
18338
1834
1835
1836
18367
1837
18371
1838
183823
18386
1839
184
1840
18400855
1841
18413
18415264
1842
1842023
1843
18436
18437
18438
18439
1844
18440
18445
1845
1846
18461
1847
18478
1848
1849
18494
185
1850
18509
1851
18512
1852
18521
18526
1853
1854
1855
18558
1856
1857
185765
1858
18586
1859
1859889
186
1860
1861
1861911
1862
1863
18638353
1864
1865
1866
18663
1867
1868
1869
187
1870
18701
1871
18712
1872
187243
1873
1874
1875
18757
1876
1876404
1877
1878
18785
1879
188
1880
18802
18803
18804
18805
18806
18807
18808
18809
1881
18811
1882
1883
1884
1885
1886
1887
1888
1888886
1889
189
1890
18901
1891
18918
18919
1892
1893
18938
1894
18942
1895
1896
18961
1897
1898
1899
18994
18995
18997
18999
19
190
1900
19000
19001
19002
19003
19006
19008
19009
1901
190108
19011
19011007
190117
190121
19014
190146
19017
19019
1902
19023
19024
19025
1902518087
19029
1903
19030
19030025
1904
190436
1905
19050
19051
19052
190522
19058
19059
1906
19062014
190621
1907
19070
19071
190723
19074
19075
1908
19086
1909
1909111096
190922
191
1910
19100
19101
191021
19106
19107
1910997
1911
19117035
1912
19120
19123357
1913
191300426
1914
1915
1916
1916544
1917
1918
191811
191844
1919
191969
191980
192
1920
192019
192020
192022
192023
19203
1921
19217
192193194195
1922
19223
19225
1923
1924
192434
19247
1925
1926
19268
1927
1927327
19278
1928
1929
19295260086
193
1930
193000521
1931
19319
1932
1933
193300826
1934
19349
1935
1936
1937
1938
19381
1939
19392
19393
194
1940
19406
1941
1942
1943
1944
194459
1945
1946
1947
19474
1948
194829
1949
19492
195
1950
19500
195037526
1951
195163
19519
1952
1953
1954
1955
1956
1957
1958
1959
196
1960
1961
1962
1962023
1963
1964
1965
19650
1966
19669
1967
19671
19672
1968
1969
196907071989121001
19693
197
1970
19705
1971
19713
1972
19729
1973
1974
19749
1975
19752
1976
197698
1977
1978
1979
198
1980
1981
1982
1983
1984
1985
1986
198683
198694
1987
1988
1989
199
1990
19903
19904
19909
1991
19910
19918
1992
1993
1994
1995
1996
1997
1998
1999
2
20
200
2000
20000
2000000
20000000
200000000
20001
20001015
200012207
20002
20003
200030
20004
20005
20006
20007
20009
2001
20010
20010404
20010405
20010406
20010409
20010410
20010411
20010412
20010413
20010416
20010417
20010418
20010419
20010420
20010423
20010424
20010425
20010426
20010427
20010501
20010502
20010503
20010507
20010508
20010509
20010510
20010511
20010514
20010515
20010516
20010517
20010518
20010521
20010524
20010604
20010605
20010606
20010607
20010608
20010611
20010612
20010613
20010614
20010615
20010618
20010619
20010620
20010621
20010622
20010625
20010626
20010627
20010629
20010702
20010703
20010705
20010706
20010709
20010710
20010711
20010712
20010713
20010714
20010716
20010717
20010718
20010719
20010720
20010723
20010724
20010725
20010726
20010727
20010728
20010729
20010730
20010731
200108
20010801
20010802
20010803
20010806
20010807
20010808
20010809
20010810
20010813
20010814
20010815
20010816
20010817
20010820
20010821
20010823
20010830
20010831
20010904
20010906
20010907
20010910
20010912
20010913
20010914
20010917
20010918
20010919
20010920
20010921
20010926
20010928
20011
20011001
20011002
20011003
20011004
20011004125911
20011005
20011009
20011010
20011011
20011012
20011015
20011016
20011017
20011018
20011019
20011022
20011023
20011024
20011101
20011102
20011105
20011106
20011107
20011108
20011109
20011112
20011113
20011114
20011115
20011116
20011119
20011120
20011121
20011128
20011203
20011204
20011205
20011206
20011207
20011210
20011211
20011212
20011213
20011214
20011217
20011218
20011219
20011220
20011221
20011227
20011228
20011231
200116
20012
200120
20013
20014
20015
20016
20017
20018
2002
20020
20020102
20020103
20020104
20020107
20020108
20020109
20020110
20020111
20020114
20020115
20020116
20020117
20020118
20020119
20020121
20020122
20020123
20020124
20020125
20020126
20020127
20020128
20020129
20020130
20020131
20020201
20020204
20020205
20020206
20020207
20020208
20020211
20020212
20020213
20020214
20020215
20020218
20020219
20020220
20020221
20020222
20020223
20020225
20020226
20020227
20020228
20020301
20020302
20020303
20020304
20020305
20020306
20020307
20020308
20020311
20020312
20020313
20020314
20020315
20020318
20020319
20020320
20020321
20020322
20020326
20020327
20020328
20020329
20020401
20020402
20020403
20020404
20020405
20020408
20020409
20020410
20020411
20020412
20020413
20020414
20020415
20020416
20020417
20020418
20020419
20020420
20020422
20020423
20020424
20020425
20020426
20020429
20020430
20020501
20020502
20020503
20020506
20020507
20020508
20020509
20020510
20020511
20020513
20020514
20020515
20020516
20020517
20020518
20020520
20020521
20020522
20020523
20020524
20020528
20020529
20020530
20020531
20020601
20020603
20020604
20020605
20020606
20020607
20020610
20020611
20020612
20020613
20020614
20020617
20020618
20020619
20020620
20020621
20020622
20020624
20020625
20020626
20020627
20020628
20020630
20020701
20020702
20020703
20020703110352
20020704
20020705
20020706
20020708
20020709
20020710
20020711
20020712
20020713
20020714
20020715
20020716
20020717
20020718
20020719
20020720
20020721
20020722
20020723
20020724
20020725
20020726
20020727
20020729
20020730
20020731
20020801
20020802
20020803
20020804
20020805
20020806
20020807
20020808
20020809
20020810
20020811
20020812
20020813
20020814
20020815
20020816
20020817
20020819
20020820
20020821
20020822
20020823
20020824
20020826
20020827
20020828
20020829
20020830
20020831
20020901
20020902
20020903
20020904
20020905
20020906
20020907
20020908
20020909
20020910
20020911
20020912
20020913
20020916
20020917
20020918
20020919
20020920
20020921
20020923
20020924
20020925
20020926
20020927
20020930
20021
20021001
20021002
20021003
20021004
20021006
20021007
20021008
20021009
20021010
20021011
20021012
20021013
20021014
20021015
20021016
20021017
20021018
20021019
20021020
20021021
20021022
20021023
20021024
20021025
20021026
20021027
20021028
20021029
20021030
20021031
20021101
20021102
20021103
20021104
20021105
20021106
20021107
20021108
20021111
20021112
20021113
20021114
20021115
20021118
20021119
20021120
20021121
20021122
20021125
20021126
20021127
20021129
20021202
20021203
20021204
20021205
20021206
20021207
20021208
20021209
20021210
20021211
20021212
20021213
20021216
20021217
20021218
20021219
20021220
20021223
20021224
20021226
20021227
20021229
20021230
20021231
200218
200219
20022
20023
20024
20025
20026
20027
20028
20029
2002917
2003
20030
20030101
20030102
20030103
20030106
20030107
20030108
20030109
20030110
20030111
20030113
20030114
20030115
20030116
20030117
20030119
20030120
20030121
20030122
20030123
20030124
20030125
20030126
20030127
20030128
20030129
20030130
20030131
20030201
20030203
20030204
20030205
20030206
20030207
20030208
20030210
20030211
20030212
20030213
20030214
20030217
20030218
20030219
20030220
20030221
20030222
20030224
20030225
20030226
20030227
20030228
20030303
20030304
20030305
20030306
20030307
20030310
20030311
20030312
20030313
20030314
20030317
20030318
20030319
20030320
20030321
20030324
20030325
20030326
20030327
20030328
20030331
20030401
20030402
20030403
20030404
20030407
20030408
20030409
20030410
20030411
20030412
20030413
20030414
20030415
20030416
20030417
20030418
20030419
20030420
20030421
20030422
20030423
20030424
20030425
20030428
20030429
20030430
20030501
20030502
20030505
20030506
20030507
20030508
20030509
20030512
20030513
20030514
20030515
20030516
20030519
20030520
20030521
20030522
20030523
20030527
20030528
20030529
20030530
20030602
20030603
20030604
20030605
20030606
20030609
20030610
20030611
20030612
20030613
20030616
20030617
20030618
20030619
20030620
20030621
20030623
20030624
20030625
20030626
20030627
20030630
20030701
20030702
20030703
20030704
20030707
20030708
20030709
20030710
20030711
20030712
20030713
20030714
20030715
20030716
20030717
20030718
20030719
20030720
20030721
20030722
20030723
20030724
20030725
20030726
20030728
20030729
20030730
20030731
20030801
20030804
20030805
20030806
20030807
20030808
20030811
20030812
20030813
20030814
20030815
20030818
20030819
20030820
20030821
20030822
20030826
20030827
20030828
20030829
20030902
20030903
20030904
20030905
20030908
20030909
20030910
20030911
20030912
20030915
20030916
20030917
20030918
20030919
20030920
20030922
20030923
20030924
20030925
20030926
20030929
20030930
20031
20031001
20031002
20031003
20031006
20031007
20031008
20031009
20031010
20031011
20031012
20031013
20031014
20031015
20031016
20031017
20031019
20031020
20031021
20031022
20031023
20031024
20031027
20031028
20031029
20031030
20031031
20031103
20031104
20031105
20031106
20031107
20031110
20031111
20031112
20031113
20031114
20031117
20031118
20031119
20031120
20031121
20031124
20031125
20031126
20031201
20031202
20031203
20031204
20031205
20031208
20031209
20031210
20031211
20031212
20031215
20031216
20031217
20031218
20031219
20031220
20031222
20031223
20031224
20031229
20031230
20031231
20032
20032014
20033
20034
20035
20036
20037
20038
20039
2004
20040
20040101
20040102
20040105
20040106
20040107
20040108
20040109
20040110
20040112
20040113
20040114
20040115
20040116
20040117
20040118
20040119
20040120
20040121
20040122
20040123
20040124
20040125
20040126
20040127
20040128
20040129
20040130
20040131
20040201
20040202
20040203
20040204
20040205
20040206
20040207
20040209
20040210
20040211
20040212
20040213
20040214
20040215
20040216
20040217
20040218
20040219
20040220
20040221
20040222
20040223
20040224
20040225
20040226
20040227
20040228
20040229
20040301
20040302
20040303
20040304
20040305
20040306
20040307
20040308
20040309
20040310
20040311
20040312
20040315
20040316
20040317
20040318
20040319
20040320
20040321
20040322
20040323
20040324
20040325
20040326
20040329
20040330
20040331
20040401
20040402
20040403
20040404
20040405
20040406
20040407
20040408
20040409
20040410
20040411
20040412
20040413
20040414
20040415
20040416
20040417
20040419
20040420
20040421
20040422
20040423
20040424
20040426
20040427
20040428
20040429
20040430
20040501
20040503
20040504
20040505
20040506
20040507
20040510
20040511
20040512
20040513
20040514
20040515
20040517
20040518
20040519
20040520
20040521
20040522
20040524
20040525
20040526
20040527
20040528
20040529
20040601
20040602
20040603
20040604
20040607
20040608
20040609
20040610
20040611
20040614
20040615
20040616
20040617
20040618
20040619
20040620
20040621
20040622
20040623
20040624
20040625
20040628
20040629
20040630
20040701
20040702
20040705
20040706
20040707
20040708
20040709
20040710
20040711
20040712
20040713
20040714
20040715
20040716
20040717
20040718
20040719
20040720
20040721
20040722
20040723
20040724
20040725
20040726
20040727
20040729
20040730
20040802
20040803
20040804
20040805
20040806
20040810
20040811
20040812
20040813
20040814
20040816
20040817
20040818
20040819
20040820
20040821
20040823
20040824
20040825
20040826
20040827
20040828
20040829
20040830
20040831
200409
20040901
20040902
20040903
20040904
20040906
20040907
20040908
20040909
20040910
20040911
20040912
20040913
20040914
20040915
20040916
20040917
20040918
20040919
20040920
20040923
20040924
20040927
20040928
20040929
20040930
20041
20041001
20041002
20041004
20041005
20041006
20041007
20041008
20041009
20041010
20041011
20041012
20041013
20041014
20041015
20041016
20041017
20041018
20041019
20041020
20041021
20041022
20041023
20041024
20041025
20041026
20041027
20041028
20041029
20041030
20041031
20041101
20041102
20041103
20041104
20041105
20041108
20041109
20041109105025
20041110
20041111
20041112
20041115
20041116
20041117
20041118
20041119
20041122
20041123
20041124
20041126
20041128
20041129
20041130
20041201
20041202
20041203
20041204
20041206
20041207
20041208
20041209
20041210
20041213
20041214
20041215
20041216
20041217
20041220
20041221
20041222
20041223
20041227
20041228
20041229
20041230
20041231
20042
20043
20044
20045
20046
20047
2005
20050103
20050104
20050105
20050106
20050107
20050108
20050110
20050111
20050112
20050113
20050114
20050116
20050117
20050118
20050119
20050120
20050121
20050122
20050123
20050124
20050125
20050126
20050127
20050128
20050129
20050131
20050201
20050202
20050203
20050204
20050205
20050207
20050208
20050209
20050210
20050211
20050214
20050215
20050216
20050217
20050218
20050219
20050220
20050221
20050222
20050223
20050224
20050225
20050226
20050228
20050301
20050302
20050303
20050304
20050307
20050308
20050309
20050310
20050311
20050314
20050315
20050316
20050317
20050318
20050319
20050320
20050321
20050322
20050323
20050324
20050325
20050328
20050329
20050330
20050331
20050401
20050402
20050404
20050405
20050406
20050407
20050408
20050409
20050410
20050411
20050412
20050413
20050414
20050415
20050416
20050418
20050419
20050420
20050421
20050422
20050423
20050425
20050426
20050427
20050428
20050429
20050502
20050503
20050504
20050505
20050506
20050509
20050510
20050511
20050512
20050513
20050514
20050516
20050517
20050518
20050519
20050520
20050521
20050523
20050524
20050525
20050526
20050527
20050531
200506
20050601
20050602
20050603
20050606
20050607
20050608
20050609
20050610
20050613
20050614
20050615
20050616
20050617
20050618
20050620
20050621
20050622
20050623
20050624
20050627
20050628
20050629
20050630
20050701
20050702
20050705
20050706
20050707
20050708
20050709
20050710
20050711
20050712
20050713
20050714
20050715
20050716
20050717
20050718
20050719
20050720
20050721
20050722
20050723
20050725
20050726
20050727
20050728
20050729
20050730
20050731
200508
20050801
20050802
20050803
20050804
20050805
20050808
20050809
20050810
20050811
20050812
20050815
20050816
20050817
20050818
20050819
20050820
20050821
20050822
20050823
20050824
20050825
20050826
20050829
20050830
20050831
20050901
20050902
20050906
20050907
20050908
20050909
20050912
20050913
20050914
20050915
20050916
20050917
20050919
20050920
20050921
20050922
20050923
20050926
20050927
20050928
20050929
20050930
20051
20051003
20051004
20051005
20051006
20051007
20051010
20051011
20051012
20051013
20051014
20051015
20051016
20051017
20051018
20051019
20051020
20051021
20051022
20051024
20051025
20051026
20051027
20051028
20051031
200511
20051101
20051102
20051103
20051104
20051107
20051108
20051109
20051110
20051111
20051114
20051115
20051116
20051117
20051118
20051119
20051120
20051121
20051122
20051123
20051128
20051129
20051130
20051201
20051202
20051205
20051206
20051207
20051208
20051209
20051212
20051213
20051214
20051215
20051216
20051219
20051220
20051221
20051222
20051223
20051228
20051229
20051230
200526
20056
200560
2006
200601
20060103
20060104
20060105
20060106
20060107
20060109
20060110
20060111
20060112
20060113
20060114
20060115
20060116
20060117
20060118
20060119
20060120
20060121
20060122
20060123
20060124
20060125
20060126
20060127
20060128
20060129
20060130
20060131
20060201
20060202
20060203
20060204
20060206
20060207
20060208
20060209
20060213
20060214
20060215
20060216
20060217
20060217141549
20060218
20060219
20060220
20060221
20060222
20060223
20060224
20060227
20060228
20060301
20060302
20060303
20060304
20060306
20060307
20060308
20060309
20060310
20060311
20060313
20060314
20060315
20060316
20060317
20060321
20060322
20060323
20060324
20060327
20060328
20060329
20060330
20060331
20060401
20060402
20060403
20060404
20060405
20060406
20060407
20060408
20060409
20060410
20060411
20060412
20060413
20060414
20060415
20060416
20060417
20060418
20060419
20060420
20060421
20060422
20060424
20060425
20060426
20060427
20060428
20060429
20060430
20060501
20060502
20060503
20060504
20060505
20060506
20060508
20060509
20060510
20060511
20060512
20060513
20060515
20060516
20060517
20060518
20060519
20060520
20060521
20060522
20060523
20060524
20060525
20060526
20060527
20060530
20060531
200606
20060601
20060602
20060603
20060604
20060605
20060606
20060607
20060608
20060609
20060610
20060612
20060613
20060614
20060615
20060616
20060617
20060618
20060619
20060620
20060621
20060622
20060623
20060626
20060627
20060628
20060629
20060630
200607
20060701
20060703
20060704
20060705
20060706
20060707
20060708
20060709
20060710
20060711
20060712
20060713
20060714
20060715
20060716
20060717
20060718
20060719
20060720
20060721
20060722
20060723
20060724
20060725
20060726
20060727
20060728
20060729
20060730
20060731
200608
20060801
20060802
20060803
20060804
20060805
20060807
20060808
20060809
20060810
20060811
20060814
20060815
20060816
20060817
20060818
20060819
20060820
20060821
20060822
20060823
20060824
20060825
20060826
20060827
20060828
20060829
20060830
20060831
200609
20060901
20060902
20060903
20060904
20060905
20060906
20060907
20060908
20060909
20060910
20060911
20060912
20060913
20060914
20060915
20060916
20060917
20060918
20060919
20060920
20060921
20060922
20060925
20060926
20060927
20060928
20060929
20060930
200610
20061001
20061002
20061003
20061004
20061005
20061006
20061007
20061008
20061009
20061010
20061011
20061012
20061013
20061014
20061015
20061016
20061017
20061018
20061019
20061020
20061021
20061022
20061023
20061024
20061025
20061026
20061027
20061028
20061029
20061030
20061031
200611
20061101
20061102
20061103
20061104
20061105
20061106
20061107
20061108
20061109
20061113
20061114
20061115
20061116
20061117
20061120
20061121
20061122
20061127
20061128
20061129
20061130
200612
20061201
20061202
20061203
20061204
20061205
20061206
20061207
20061208
20061209
20061211
20061212
20061213
20061214
20061215
20061217
20061218
20061219
20061220
20061221
20061222
20061223
20061226
20061227
20061228
20061229
20061230
20062023
20067
2007
200701
20070101
20070102
20070103
20070104
20070105
20070106
20070107
20070108
20070109
20070110
20070111
20070112
20070113
20070114
20070115
20070116
20070117
20070118
20070119
20070120
20070121
20070122
20070123
20070124
20070125
20070126
20070127
20070128
20070129
20070130
20070131
200702
20070201
20070202
20070205
20070206
20070207
20070208
20070209
20070210
20070212
20070213
20070214
20070215
20070216
20070217
20070218
20070219
20070220
20070221
20070222
20070223
20070226
20070227
20070228
200703
20070301
20070302
20070305
20070306
20070307
20070308
20070309
20070312
20070313
20070314
20070315
20070316
20070317
20070318
20070319
20070320
20070321
20070322
20070323
20070326
20070327
20070328
20070329
20070330
20070331
200704
20070402
20070403
20070404
20070405
20070406
20070407
20070408
20070409
20070410
20070411
20070412
20070413
20070414
20070415
20070416
20070417
20070418
20070419
20070420
20070421
20070422
20070423
20070424
20070425
20070426
20070427
20070430
200705
20070501
20070502
20070503
20070504
20070508
20070509
20070510
20070511
20070514
20070515
20070516
20070517
20070518
20070519
20070520
20070521
20070522
20070523
20070524
20070524095807
20070525
20070529
20070530
20070531
200706
20070601
20070604
20070605
20070606
20070607
20070608
20070609
20070610
20070611
20070612
20070613
20070614
20070615
20070618
20070619
20070620
20070621
20070622
20070625
20070626
20070627
20070628
20070628091006
20070629
200707
20070701
20070702
20070703
20070705
20070706
20070707
20070709
20070710
20070711
20070712
20070713
20070714
20070715
20070716
20070717
20070718
20070719
20070720
20070721
20070723
20070724
20070725
20070726
20070727
20070728
20070729
20070730
20070731
200708
20070801
20070802
20070803
20070806
20070807
20070808
20070809
20070810
20070813
20070814
20070815
20070816
20070817
20070818
20070819
20070820
20070821
20070822
20070823
20070824
20070827
20070828
20070829
20070830
20070831
200709
20070904
20070905
20070906
20070907
20070910
20070911
20070912
20070913
20070914
20070917
20070918
20070919
20070920
20070921
20070922
20070924
20070925
20070926
20070927
20070928
200710
20071001
20071002
20071003
20071004
20071005
20071006
20071007
20071008
20071009
20071010
20071011
20071012
20071013
20071014
20071015
20071016
20071017
20071018
20071019
20071020
20071021
20071022
20071023
20071024
20071025
20071026
20071029
20071030
20071031
200711
20071101
20071102
20071104
20071105
20071106
20071107
20071108
20071109
20071112
20071113
20071114
20071115
20071116
20071117
20071119
20071120
20071121
20071126
20071127
20071128
20071129
20071130
20071203
20071204
20071205
20071206
20071207
20071210
20071211
20071212
20071213
20071214
20071215
20071217
20071218
20071219
20071220
20071221
20071227
20071228
20071231
20076
200774
2008
200801
20080102
20080103
20080104
20080105
20080106
20080107
20080108
20080109
20080110
20080111
20080112
20080113
20080114
20080115
20080116
20080117
20080118
20080119
20080120
20080121
20080122
20080123
20080124
20080125
20080126
20080127
20080128
20080129
20080130
20080131
200802
20080201
20080202
20080203
20080204
20080205
20080206
20080207
20080208
20080211
20080212
20080213
20080214
20080215
20080216
20080217
20080218
20080219
20080220
20080221
20080222
20080223
20080224
20080225
20080226
20080227
20080228
20080229
200803
20080301
20080302
20080303
20080304
20080305
20080306
20080307
20080310
20080311
20080312
20080313
20080314
20080315
20080316
20080317
20080318
20080319
20080320
20080321
20080322
20080324
20080325
20080326
20080327
20080328
20080329
20080331
20080401
20080402
20080403
20080404
20080405
20080406
20080407
20080408
20080409
20080410
20080411
20080412
20080413
20080414
20080415
20080416
20080417
20080418
20080419
20080420
20080421
20080422
20080423
20080424
20080425
20080426
20080428
20080429
20080430
200805
20080501
20080502
20080503
20080505
20080506
20080507
20080508
20080509
20080510
20080512
20080513
20080514
20080515
20080516
20080517
20080518
20080519
20080520
20080521
20080522
20080523
20080524
20080525
20080526
20080527
20080528
20080529
20080530
20080531
200806
20080601
20080602
20080603
20080604
20080605
20080606
20080607
20080608
20080609
20080610
20080611
20080612
20080613
20080616
20080617
20080618
20080619
20080620
20080621
20080622
20080623
20080624
20080625
20080626
20080627
20080628
20080630
200807
20080701
20080702
20080703
20080704
20080705
20080706
20080707
20080708
20080709
20080710
20080711
20080712
20080713
20080714
20080715
20080716
20080717
20080718
20080719
20080720
20080721
20080722
20080723
20080724
20080725
20080726
20080728
20080729
20080730
20080731
20080801
20080802
20080803235400
20080804
20080805
20080806
20080807
20080808
20080809
20080810
20080811
20080812
20080813
20080814
20080815
20080816
20080817
20080818
20080819
20080820
20080821
20080822
20080823
20080824
20080825
20080826
20080827
20080828
20080829
20080830
20080831
200809
20080902
20080903
20080904
20080905
20080906
20080907
20080908
20080909
20080910
20080911
20080912
20080913
20080914
20080915
20080916
20080917
20080918
20080919
20080920
20080921
20080922
20080923
20080924
20080925
20080926
20080927
20080929
20080930
20081
200810
20081001
20081002
20081003
20081004
20081005
20081006
20081007
20081008
20081009
20081010
20081011
20081012
20081013
20081014
20081015
20081016
20081017
20081018
20081019
20081020
20081021
20081022
20081023
20081024
20081025
20081026
20081027
20081028
20081029
20081030
20081031
200811
20081101
20081102
20081103
20081104
20081105
20081106
20081107
20081110
20081111
20081112
20081113
20081114
20081117
20081118
20081119
20081120
20081121
20081124
20081125
20081126
20081127
20081128
20081129
20081130
200812
20081201
20081202
20081203
20081204
20081205
20081206
20081208
20081209
20081210
20081211
20081212
20081215
20081216
20081217
20081218
20081219
20081220
20081222
20081223
20081226
20081229
20081230
20081231
2008342
2008595
200863
2009
200901
20090101
20090102
20090103
20090105
20090106
20090107
20090108
20090109
20090110
20090111
20090112
20090113
20090114
20090115
20090116
20090117
20090118
20090119
20090120
20090121
20090122
20090123
20090124
20090125
20090126
20090127
20090128
20090129
20090130
20090131
200902
20090201
20090202
20090203
20090204
20090205
20090206
20090207
20090208
20090209
20090210
20090211
20090212
20090213
20090214
20090216
20090217
20090218
20090219
20090220
20090221
20090223
20090224
20090225
20090226
20090227
20090228
20090301
20090302
20090303
20090304
20090305
20090306
20090307
20090308
20090309
20090310
20090311
20090312
20090313
20090315
20090316
20090317
20090318
20090319
20090320
20090321
20090323
20090324
20090325
20090326
20090327
20090328
20090329
20090330
20090331
200904
20090401
20090402
20090403
20090404
20090406
20090407
20090408
20090409
20090410
20090411
20090412
20090413
20090414
20090415
20090415110657
20090416
20090417
20090418
20090419
20090420
20090421
20090422
20090423
20090424
20090426
20090427
20090428
20090429
20090430
200905
20090501
20090504
20090505
20090506
20090507
20090508
20090509
20090511
20090512
20090513
20090514
20090515
20090516
20090518
20090519
20090520
20090521
20090522
20090526
20090527
20090528
20090529
20090601
20090602
20090603
20090604
20090605
20090608
20090609
20090610
20090611
20090612
20090615
20090616
20090617
20090618
20090619
20090620
20090621
20090622
20090623
20090624
20090625
20090626
20090629
20090630
20090701
20090702
20090703
20090706
20090707
20090708
20090709
20090710
20090711
20090712
20090713
20090714
20090715
20090716
20090717
20090718
20090719
20090720
20090721
20090722
20090723
20090724
20090726
20090727
20090728
20090729
20090730
20090731
200908
20090801
20090803
20090804
20090805
20090806
20090807
20090810
20090811
20090812
20090813
20090814
20090815
20090817
20090818
20090819
20090820
20090821
20090824
20090825
20090826
20090827
20090828
20090829
20090830
20090831
20090901
20090902
20090903
20090904
20090908
20090909
20090910
20090911
20090914
20090915
20090916
20090917
20090918
20090919
20090920
20090921
20090922
20090923
20090924
20090925
20090928
20090929
20090930
20091
20091001
20091002
20091003
20091005
20091006
20091007
20091008
20091009
20091010
20091011
20091012
20091013
20091014
20091015
20091016
20091017
20091018
20091019
20091020
20091021
20091022
20091023
20091026
20091027
20091028
20091029
20091030
200911
20091102
20091103
20091104
20091105
20091106
20091109
20091110
20091111
20091112
20091113
20091114
20091116
20091117
20091118
20091119
20091120
20091121
20091123
20091124
20091125
20091126
20091130
20091201
20091202
20091203
20091204
20091205
20091207
20091208
20091209
20091210
20091211
20091212
20091214
20091215
20091216
20091217
20091218
20091219
20091220
20091221
20091222
20091223
20091224
20091228
20091229
20091230
20091231
20092011
20092021
2009258
20097
20098
201
2010
20100101
20100102
20100104
20100105
20100106
20100107
20100108
20100109
20100110
20100111
20100112
20100113
20100114
20100115
20100116
20100117
20100118
20100119
20100120
20100121
20100122
20100123
20100124
20100125
20100126
20100127
20100128
20100129
20100130
20100131
201002
20100201
20100202
20100203
20100204
20100205
20100208
20100209
20100210
20100211
20100212
20100215
20100216
20100217
20100218
20100219
20100220
20100221
20100222
20100223
20100224
20100225
20100226
20100301
20100302
20100303
20100304
20100305
20100308
20100309
20100310
20100311
20100312
20100315
20100316
20100317
20100318
20100319
20100320
20100321
20100322
20100323
20100324
20100325
20100326
20100327
20100329
20100330
20100331
201004
20100401
20100402
20100403
20100404
20100405
20100406
20100407
20100408
20100409
20100410
20100411
20100412
20100413
20100414
20100415
20100416
20100417
20100418
20100419
20100420
20100421
20100422
20100423
20100424
20100426
20100427
20100428
20100429
20100430
201005
20100501
20100502
20100503
20100504
20100505
20100506
20100507
20100508
20100509
20100510
20100511
20100512
20100513
20100514
20100515
20100516
20100517
20100518
20100519
20100520
20100521
20100522
20100523
20100524
20100525
20100526
20100527
20100528
20100529
20100530
20100531
20100601
20100602
20100603
20100604
20100605
20100606
20100607
20100608
20100609
20100610
20100611
20100612
20100613
20100614
20100615
20100616
20100617
20100618
20100619
20100620
20100621
20100622
20100623
20100624
20100625
20100628
20100629
20100630
20100701
20100702
20100703
20100705
20100706
20100707
20100708
20100709
20100710
20100711
20100712
20100713
20100714
20100715
20100716
20100717
20100718
20100719
20100720
20100721
20100722
20100723
20100724
20100725
20100726
20100727
20100728
20100729
20100730
20100731
20100801
20100802
20100803
20100804
20100805
20100806
20100807
20100808
20100809
20100810
20100811
20100812
20100813
20100814
20100815
20100816
20100817
20100818
20100819
20100820
20100821
20100822
20100823
20100824
20100825
20100826
20100827
20100828
20100830
20100831
201009
20100901
20100902
20100903
20100904
20100906
20100907
20100908
20100909
20100910
20100911
20100912
20100913
20100914
20100915
20100916
20100917
20100918
20100919
20100920
20100921
20100922
20100923
20100924
20100925
20100927
20100928
20100929
20100930
20101001
20101002
20101003
20101004
20101005
20101006
20101007
20101008
20101009
20101010
20101011
20101012
20101013
20101014
20101015
20101016
20101017
20101018
20101019
20101020
20101021
20101022
20101023
20101024
20101025
20101026
20101027
20101028
20101029
20101030
20101031
20101101
20101102
20101103
20101104
20101105
20101108
20101109
20101110
20101111
20101112
20101115
20101116
20101117
20101118
20101119
20101121
20101122
20101123
20101124
20101125
20101126
20101127
20101128
20101129
20101130
20101201
20101202
20101203
20101204
20101205
20101206
20101207
20101208
20101209
20101210
20101213
20101214
20101215
20101216
20101217
20101220
20101221
20101222
20101223
20101224
20101225030831
20101227
20101228
20101229
20101230
20101231
201024
20105
201063
201064
20107
201089
201093
2011
20110101
20110102
20110103
20110104
20110105
20110106
20110107
20110108
20110109
20110110
20110111
20110112
20110113
20110114
20110115
20110116
20110117
20110118
20110119
20110120
20110121
20110122
20110123
20110124
20110125
20110126
20110127
20110128
20110129
20110130
20110131
20110201
20110202
20110203
20110204
20110207
20110208
20110209
20110210
20110211
20110212
20110214
20110215
20110216
20110217
20110218
20110219
20110220
20110221
20110222
20110223
20110224
20110225
20110226
20110228
201103
20110301
20110302
20110303
20110304
20110305
20110307
20110308
20110309
20110310
20110311
20110314
20110315
20110316
20110317
20110318
20110319
20110320
20110321
20110322
20110323
20110324
20110325
20110328
20110329
20110330
20110331
201104
20110401
20110402
20110404
20110405
20110406
20110407
20110408
20110409
20110410
20110411
20110412
20110413
20110414
20110415
20110416
20110417
20110418
20110419
20110420
20110421
20110422
20110424
20110425
20110426
20110427
20110428
20110429
20110430
201105
20110502
20110503
20110504
20110505
20110506
20110508
20110509
20110510
20110511
20110512
20110513
20110514
20110515
20110516
20110517
20110518
20110519
20110520
20110521
20110523
20110524
20110525
20110526
20110527
20110528
20110531
201106
20110601
20110602
20110603
20110606
20110607
20110608
20110609
20110610
20110613
20110614
20110615
20110616
20110617
20110618
20110620
20110621
20110622
20110623
20110624
20110627
20110628
20110629
20110630
20110701
20110702
20110703
20110704
20110705
20110706
20110707
20110708
20110709
20110710
20110711
20110712
20110713
20110714
20110715
20110716
20110717
20110718
20110719
20110720
20110721
20110722
20110723
20110725
20110726
20110727
20110728
20110729
20110730
20110731
20110801
20110802
20110803
20110804
20110805
20110808
20110809
20110810
20110811
20110812
20110813
20110815
20110816
20110817
20110818
20110819
20110820
20110821
20110822
20110823
20110824
20110825
20110826
20110829
20110830
20110831
20110901
20110902
20110906
20110907
20110908
20110909
20110910
20110912
20110913
20110914
20110915
20110916
20110917
20110919
20110920
20110921
20110922
20110923
20110926
20110927
20110928
20110929
20110930
20111
20111001
20111003
20111004
20111005
20111006
20111007
20111008
20111009
20111010
20111011
20111012
20111013
20111014
20111015
20111016
20111017
20111018
20111019
20111020
20111021
20111022
20111023
20111024
20111025
20111026
20111027
20111028
20111031
20111101
20111102
20111103
20111104
20111107
20111108
20111109
20111110
20111111
20111114
20111115
20111116
20111117
20111118
20111119
20111120
20111121
20111122
20111123
20111128
20111129
20111130
20111201
20111202
20111205
20111206
20111207
20111208
20111209
20111212
20111213
20111214
20111215
20111216
20111219
20111220
20111221
20111222
20111223
20111224
20111227
20111228
20111229
20111230
20112
20112017
20114
20117
20118
20119
2012
20120
20120101
20120102
20120103
20120104
20120105
20120106
20120107
20120108
20120109
20120110
20120111
20120112
20120113
20120114
20120115
20120116
20120117
20120118
20120119
20120120
20120121
20120122
20120123
20120124
20120125
20120126
20120127
20120128
20120129
20120130
20120131
20120201
20120202
20120203
20120206
20120207
20120208
20120209
20120210
20120211
20120212
20120213
20120214
20120215
20120216
20120217
20120218
20120219
20120220
20120221
20120222
20120223
20120224
20120225
20120227
20120228
20120229
20120301
20120302
20120303
20120304
20120305
20120306
20120307
20120308
20120309
20120310
20120311
20120312
20120313
20120314
20120315
20120316
20120317
20120318
20120319
20120320
20120321
20120322
20120323
20120326
20120327
20120328
20120329
20120330
20120331
20120401
20120402
20120403
20120404
20120405
20120406
20120407
20120408
20120409
20120410
20120411
20120412
20120413
20120414
20120415
20120416
20120417
20120418
20120419
20120420
20120421
20120422
20120423
20120424
20120425
20120426
20120427
20120428
20120430
20120501
20120502
20120503
20120504
20120505
20120506
20120507
20120508
20120509
20120510
20120511
20120512
20120513
20120514
20120515
20120516
20120517
20120518
20120519
20120520
20120521
20120521194225
20120522
20120523
20120524
20120525
20120526
20120527
20120528
20120529
20120530
20120531
20120601
20120602
20120603
20120604
20120605
20120606
20120607
20120608
20120609
20120610
20120611
20120612
20120613
20120614
20120615
20120616
20120617
20120618
20120619
20120620
20120621
20120622
20120623
20120624
20120625
20120626
20120627
20120628
20120629
20120630
20120702
20120703
20120704
20120705
20120706
20120707
20120708
20120709
20120710
20120711
20120712
20120713
20120714
20120715
20120716
20120717
20120718
20120719
20120720
20120721
20120722
20120723
20120724
20120725
20120726
20120727
20120728
20120729
20120730
20120731
201208
20120801
20120802
20120803
20120804
20120805
20120806
20120807
20120808
20120809
20120810
20120811
20120812
20120813
20120814
20120815
20120816
20120817
20120818
20120819
20120820
20120821
20120822
20120823
20120824
20120825
20120826
20120827
20120828
20120829
20120830
20120831
20120903
20120904
20120905
20120906
20120907
20120908
20120910
20120911
20120912
20120913
20120914
20120915
20120916
20120917
20120918
20120919
20120920
20120921
20120922
20120924
20120925
20120926
20120927
20120928
20120929
20120930
20121
20121001
20121002
20121003
20121004
20121005
20121006
20121007
20121008
20121009
20121010
20121011
20121012
20121013
20121014
20121015
20121016
20121017
20121018
20121019
20121020
20121021
20121022
20121023
20121024
20121025
20121026
20121027
20121028
20121029
20121030
20121031
2012109
20121101
20121102
20121103
20121104
20121105
20121106
20121107
20121108
20121109
20121112
20121113
20121114
20121115
20121116
20121119
20121120
20121121
20121123
20121126
20121127
20121128
20121129
20121130
20121201
20121202
20121203
20121204
20121205
20121206
20121207
20121208
20121209
20121210
20121211
20121212
20121213
20121214
20121217
20121218
20121219
20121220
20121221
20121222
20121226
20121227
20121228
20121231
20122
20122015
20123
20128
2013
20130101
20130102
20130103
20130104
20130105
20130106
20130107
20130108
20130109
20130110
20130111
20130112
20130114
20130115
20130116
20130117
20130118
20130119
20130120
20130121
20130122
20130123
20130124
20130125
20130126
20130127
20130128
20130129
20130130
20130131
201302
20130201
20130202
20130204
20130205
20130206
20130207
20130208
20130209
20130211
20130212
20130213
20130214
20130215
20130216
20130217
20130218
20130219
20130220
20130221
20130222
20130222154051
20130225
20130226
20130227
20130228
20130301
20130304
20130305
20130306
20130307
20130308
20130309
20130311
20130312
20130313
20130314
20130315
20130316
20130317
20130318
20130319
20130320
20130321
20130322
20130323
20130324
20130325
20130326
20130327
20130328
20130329
20130330
20130401
20130402
20130403
20130404
20130405
20130406
20130407
20130408
20130409
20130410
20130411
20130412
20130413
20130414
20130415
20130416
20130417
20130418
20130419
20130420
20130421
20130422
20130423
20130424
20130425
20130426
20130427
20130429
20130430
20130501
20130502
20130503
20130506
20130507
20130508
20130509
20130510
20130511
20130513
20130514
20130515
20130516
20130517
20130518
20130519
20130520
20130521
20130522
20130523
20130524
20130528
20130529
20130530
20130531
201306
20130603
20130604
20130605
20130606
20130607
20130610
20130611
20130612
20130613
20130614
20130617
20130618
20130619
20130620
20130621
2013062101
2013062102
20130624
20130625
20130626
20130627
20130628
201307
20130701
20130702
20130704
20130705
20130706
20130707
20130708
20130722
20130725061413
201308
20131
20131028100523
201311
20131104
201312
20132
20132014201520162017201820192020202120222023911112728413439273010
20133
20135
20138
2014
201401
20140101
201402014
20140203
20140205
20140215
2014021811
20140219
20140225133510
201403
20140306
20140326
201405
20140522
20140616
20140704
20140725
20140827
201409
20140902
20140906
20140907
20140909
20140911
20140916
20140919
20140923
20140930
20141
201410
20141007
20141009
20141014
20141020124746
20141024
20141028
201411
20141103
20141104
20141111
20141118
20141120214744
201411680496
201411691015
201412
20141218143122
20142
201420
201421
201422
20147
2015
201501
20150110
20150213
20150214
20150216
20150217
201503
20150301
20150306
20150307
20150314
201503672819
201504
20150422
201505
20150502
20150523
201506
20150605
20150616
201507
20150701
20150716
20150717
201508
20150803
20150805
20150807
20150811
20150812
20150813
20150814
20150817
20150820
20150823
20150829
201509
20150905
20150912
20150914
20150915
20150916
20151
201510
20151046
201511
20151103
20151114
20151115
20151116
20151121
20151122
20151124
20151125
20151128
20151129
201512
20151202
20151203
20151205
20151206
20151208
20151210
20151211
20151212
20151213
20151214
20151216
20151217
20151219
20151220
20151222
20151223
20151224
20151226
20151229
20151230
20151231
20152
20152017
20153
20155
20156
2016
201601
20160101
20160102
20160105
20160106
20160107
20160108
20160109
20160110
20160112
20160113
20160114
20160116
20160117
20160119
20160120
20160121
20160123
20160124
20160126
20160127
20160128
20160130
20160131
201602
20160202
20160214
20160216
20160217
20160218
20160219
20160220
20160221
20160224
20160225
20160227
20160228
20160229
201603
20160301085855
20160302
20160303
20160304
20160305
20160309
20160310
20160311
20160316
20160318
20160320
20160321
20160324
201604
20160406
20160407
20160412
20160414
20160415
20160419
20160420
20160423
20160427
20160428
201605
20160504
201605101421
20160511
20160518
20160520
20160522
20160525
20160526
201606
20160601
20160602015947
20160608
20160613
20160615
20160617
20160618
20160619
20160620
20160621
20160624
20160625
20160626
20160628
20160629
20160630
201607
20160701
20160702
20160704
20160706
20160707
20160708
20160709
20160711
20160718
20160719
20160720
20160722
20160725
20160726
20160727
20160728
201608
20160805161358
20160819
20160824
20160829
20160830
20160831
201609
20160901
20160902
20160905
20160913
20160914
20160921
20160925
20160927
20160929
201610
20161010
20161015
20161021
20161024
20161025
20161026
20161027
20161028
20161029
20161030
20161031
201611
20161102
20161104
20161106
20161107
20161108
20161110
20161114
20161115
20161116
20161117
20161118
20161120
20161121
20161122
20161123
201611580289
201611580429
201611580966
201611680169
201611680170
201611680181
201611680293
201611680311
201611680322
201611680330
201611680335
201611680345
201611680485
201611680537
201611680559
201611680560
201611680570
201611680644
201611680647
201611680697
201611680738
201611680863
201611680968
2016118
201612
20161201
20161202
20161203
20161206
20161207
20161208
20161210
20161211
20161214184148
20161216
201621198175
20165059
2017
201701
20170102
20170106
20170108
20170114
20170116
201702
20170214
20170218
20170227
201703
20170301
20170314
20170320
20170327
201704
20170403
20170405
20170421
20170425
20170426
201705
20170524
20170525
201706
20170917
20171013
20171103
20171104
20171106
20171117
20171218
201714695
201714696
201714697
20172
20174
20174016
20174017
20175155
20175156
20175325
20175326
201754677
201754678
20176263
20176264
20177534
20177535
20178073
20178074
20178963
20178964
2018
20180209034007
20180425151601
20180604
20180606
20180629
20180804
20180806
20180808
20180810
2018082914463
20180924083057
20181
20181027
201810423
201810424
201810521
201810522
201811905
201811906
201812354
201812355
201813605
201813606
201813607
201813972
201813973
2018201920202021
20182675
20182676
20182691
20182692
20182909
20182910
20183
20183301
20183302
20183355
20183356
20183485
20183486
20184908
20184909
20185024
20185025
20185989
20185990
20186121
20186122
20186905
20186906
20187038
20187039
2019
20190202095233
20190207114625
20190207152828
20190413141329
20190422
20190424
20190425
20190503161229
20190506
20190531123851
20190711095321
20190715175702
201909
20190914195726
20190923150054
20190923150055
20190923150056
20190923150057
20190926
20190927
20191
20191014144309
20191021150542
20191021150543
20191022054344
20191031144452
201911334
201911335
201911407
201911408
20191216092801
201913110
201913111
201913272
201913273
201914804
201914805
201915096
201915097
20191817
20191818
201918445
201918446
201918447
20192078
20192079
20192121
20192122
201921876
201921877
201922
201922168
201922169
201926
201927902
201927903
201929459
201929460
20193
201931
20193357
20193358
20193597
20193598
201942597
201942598
20194728
20194729
201948515
201948516
20195063
20195064
20195118
20195119
20195484
20195485
20195638
20195639
20195765
20195766
20195780
20195781
20195966
20195967
20196005
20196006
20196247
20196248
20196272
20196273
20196347
20196348
201966080
201966081
20196703
20196704
20197027
20197028
20197492
20197493
20197816
20197817
20199010
20199011
20199263
20199264
202
2020
2020007
20200103142338
20200125060433
20200183950
20200223100319
20200227131822
20200304
20200409937
20200415035549491400
202006
20200602150737
20200607
20200609
20200615
20200628
20200630190314
20200703143357
20200703143426
20200707
20200716
20200826140740
202009
20200903221250
20200930
20201009084147
20201009100937
20201015
20201022
20201030073733
20201125200520
202012
20201201
20201210182545
20201229174150
20201230
202013
202017
202018
20201948
20201949
20202021
20202091
20202092
202021
20202123
20202124
20202188
20202189
20202198
20202199
202022
20202371
20202372
20202376
20202377
20202562
20202563
20202564
20202597
20202598
20202639
20202640
20202798
20202799
20202814
20202815
20202819
20202820
20202823
20202824
20202826
20202827
20202968
20202969
20202996
20202997
20203
2020300041
20204
20204664
20204665
20204777
20204778
20204799
20204800
20205044
20205045
202052790
202052791
20205753
20205754
20207463
20207464
20207465
20208864
20208865
2021
20210034639
20210127193437
20210129152524
20210129152657
202102
20210511095159
20210515044217
20210627135753
20210911
20211
20211007073036
20211007073037
20211007073041
20211022155713
202111152021
20211119
20211126073231
20211126075156
20211126111356
20211128
202111400
202111401
20211174
202112072021
2021125
20211487
20211488
202115
20211604
20211605
20211610
20211611
20211799
20211800
20211805
20211806
20211868
20211869
20211954
20211955
20211966
20211967
20212
202120
20212023
20212024
20212099
20212100
20212177
20212178
202122
20212241
20212242
202123655
20212452
20212453
20212493
20212494
20212573
20212574
20212579
20212580
20212646
20212647
20212661
20212662
20212750
20212751
20212840
20212863
20212864
20212866
20212867
20212928
20212929
20213
20213010
20213011
20213023
20213024
20213108
20213109
20213205
20213206
20213449
20213450
20213957
20213958
20214
20214518
20214519
20214600
20214601
20214682
20214683
20214924
20214925
20214938
20214939
20215296
20215297
20215504
20215505
20215765
20216
20216494
20216495
20216801
20216802
20217159
20217160
20217161
20217450
20218489
20219
20219088
20219089
20219240
2022
20220105134642
20220120065824
20220120065826
20220120065833
20220120065835
20220125091857
20220126093153
20220322
20220402
20220404
20220405131219
20220414
20220422
202205
20220514071030
20220607150449
20220618061125
202207
20220706035029
20220706085839
20220706184420
20220716
2022072
20220728153021
20220728153022
20220728153038
202208
2022080
20220806211633
20220816151517
20220823085805
202209
20220906231107
20220910231609
20220910231636
20220922144723
20220929
20221
202210
20221003163340
202210044
202210045
20221027095123
202210564
202210565
202211
20221101
20221101141639
20221102
202211235
202211236
20221208
20221208133508
20221215
20221216
20221219
20221222084001
20221225100638
20221229103005
20221247
20221248
20221259
20221260
20221263
20221264
20221280
20221281
20221357
20221358
20221361
20221362
20221363
20221364
20221423
20221424
20221439
20221476
20221477
20221549
20221550
20221620
20221621
20221723
20221724
20221872
20221873
202219
20222
202220
20222022
20222023
20222136
20222137
202223
20222417
20222418
202225
20222595
20222596
20222597
20222598
202226
20222649
20222650
20222665
20222666
20222671
20222672
202227
202227000
202227001
202227002
202228
20222894
20222895
202229
20222931
20222932
20223
20223079
20223080
202231
20223341
20223342
20223712
20223713
20223893
20223894
20223912
20223913
20224346
20224347
20224396
20224397
20224406
20224407
20224710
20224832
20224833
20225
20225105
20225106
20225261
20226
20227702
20227703
2022949
2022950
2023
20230
20230103
20230104174900
20230124085516
20230127103748
20230129062424
20230209174010
20230209174013
20230209184032
20230209184045
20230224
20230328
20230361
20230508
20230530152949
20230609104354
20230615050645
20230619073928
20230619111929
20230619190658
20230619190659
20230619191734
20230619191735
20230621
20230621075815
20230623
20230624112638
20230624112933
20230624113546
20230624115913
20230624125934
20230625042031
20230701084005
20230701084007
20230702195101
20230703
20230704
20230704184243
20230706201208
20230706213952
20230706234900
20230707121405
20230707121840
20230707121848
20230708133833
20230708133834
20230708142107
20230710104950
20230711010414
20230711010415
20230713011118
20230714
20230714074514
20230714181021
20230714193710
20230714225456
20230714225457
20230714233443
20230715000033
20230715000034
20230715055919
20230715055920
20231
202311291
202311986
202311987
202312
202313123
20231326
202313499
202313500
202313819
202313820
202314139
202314140
20232
20232023
20232560
20232561
20233
20233349
20233733
20235
20236
20236403
20236404
202377
20237727
20237728
20238
20238626
20238627
20239
202391
2024
202495
2025
20255
2025684
2026
20260
20263
20267
20268
202695858
2027
20270634
202708
2027833
2028
202813
20283
20284
2028484
2029
202950
2029620
2029621
20297
20299
203
2030
2030018
20301
2031
2031337
203140
203144
2031550
2032
20320
2032097
2033
2033217
20332611
2033662
2033755
203392
2034
20346
2035
20351
2035121
20352841
2035478
20356
2036
20362
20364
20365
20367
2037
20370
20371
2038
2038048
203812
2038966
2039
2039808
2039845393
203992
2039926714
2039927326
204
2040
20401022883
2040996
2040997
2041
204109
20411
2041306
2041485
20418
2042
2042070
2043
2043419
2043567729021695
2044
2044690448909423
2045
20454198
20457462
2046
20465
2047
2048
20484
2049
204920
204940
205
2050
20500
20502506
20507780
20507844
20509
2051
205104
20512
2051645358213932
20517
2052
2052034005
205210
20522149
20524100
20525436
20526
20527779
20527798
20529385
2053
20530
20532277
2054
20540936
20542249
20544
205448
205449
2055
20552
2055245
20554
2056
2056429
2057
20573
205788
2058
20587
2059
205904
205938
20594
20599273
206
2060
20601
2061
20610
20615
20616
2062
20621
2063
20632
206381
2064
20648
2065
20650
20651
206531
20655
2066
2067
20672788
2067993
2068
20682
2069
20694
207
2070
207006
2071
20711
2072
207275746789
207292
2072925
2073
20732
2074
2074500
207458
2074690975909370
2075
2076
20768
2077
207776
2078
2079
208
2080
2080526115325856
2081
20814
2082
20822
2083
20837
2084
2084384474940020
2085
20852
20853
20857
2086
2086628
2086709
208695
2087
208749
2088
20881
20886
20887
20888
2088814
20889
208890
2089
208954
209
2090
20904
2091
2091161630928971
20912
20913
20918
2092
20929
2093
209313
209385
2094
2095
2095407
2096
2096344
20965
2097
2097152
209765
2098
2099
209978
21
210
2100
210000821
210000921
21001
21004
21006
21007
21009
2101
21010
21011200
21011201
21012
21013
2101315253246942
21015
21015507
21015590
21017
2102
210201
21021
21023
21024
21026
210260
210263
21027
21028
210280
210285
2103
21033
21037
21038
21039
2104
21040
21042
210421
21043
21044
21046
21047
21049
2105
21052
21053
21054
21055
21056
21059
2106
21060
2106311462747321
21064
21065
21066
21067
21068
21069
2107
21072
21074
2108
21082
21082014
21087
21089
2109
21090
210945
21097
211
2110
21101
211045
2110591
211065
2111
21112300001
211130
21117
21118
2111810
21119
2112
21120
21121
21122
21124
2113
21131
211316
211334
21134
2113428
21135
211373
211393
2114
21141
21143
21144
211447
21145
21147
21148
2115
21150
21151
21154
21155
2116
21162
21164
21167
2117
21170
21174
211747
21178
2118
21180
21181
21182
21188
2119
21190
21195
21199
212
2120
21200
212017
212018
212019
21202
212020
212021
212022
21209
2121
21210
21212
21213
21214
21215
21218
2122
21220
21222
21226
21227
2122754
2123
21231772
21231984
21239
2124
21240
2125
21250
212510244
212529
21254
21255
21257
21258
2126
212616
21267
21269901
2127
21270
21273579
21274
21275
21275155
21276
2128
212817
2128817
2129
21291
21296
212989
213
2130
21300
21302
21303
213059269831
21306
213060481126
21308
213081266471
21309
213095574051
2131
21310
213105067551
21311
21312
21316
21318
213191
2132
2132023
21326
21327
2133
21330
21332
21334
21337
2134
213450759
21346
2135
213505151
2135310159847451
2135341
21354
21356
2136
21361
2136857003026100
21369
2137
2137760802935720
213782
213785
2138
21384
21384332
21384813
2139
21390321
21392162
214
2140
21400
21406
2140724000
2140867
2141
21410
21412
21413
214138
21415
21418
2142
21420
214212524
21426
21428
21429
2143
214300
21432
2144
21440
21441
21443
21446
21448
21449
2145
21450
21454
2146
21460
21461
21465
21466
2147
21473
2147483648
2148
21488
2149
21497
215
2150
21502
21503
2151
21513
21514
21517
21519
2152
21524
21527
21529
2153
21534
2154
21543
2155
21550
215508609
215508717
21551005
21551008
21551009
21551010
21551012
21551016
21551017
21551020
21551029
21551035
21551036
21551042
21551045
21551047
21551051
21551055
21551058
21551071
21551072
21551073
21551078
21551086
21551106
21551120
21551123
21551125
21551132
21551135
21551140
21551148
21551154
21551157
21551175
21551179
21551186
21551197
21551201
21551202
2156
2157
21572
21574
21576
21577
2158
215802
2159
21596
21599999999999397
216
2160
21600
21604
21606
21607
2161
21611
21619
2162
21623
2163
21635
21637
2164
21649
2165
21652
21657
21658
2166
21660
21666
21668
2167
216754
2168
21686
21688
216883
2169
21692
21696761
217
2170
21700
21701
21702
21703
21704
2171
2172
2173
21731
21736
21738105
2174
21741097
21744
21746
2175
2176
21765
21767
2177
217744
2178
21789
2179
218
2180
21802
21803
2181
21810083
21812
21814961
2182
21826
21827
21829
2183
21831
21832
21836
21837
2184
21846
21847
2185
2186
2186161
21866
21868
2187
21876
21877
2188
21884
21886
21888
2189
218902
21891
21892
219
2190
21900
21904
21905
2190683784580562
2191
21912
21916
2192
21920
21923
21924
21925
21926
2193
2194
21941
21946
2195
2196
21962
21966
21969
2197
21973
21974
21976
2197901
2198
2199
22
220
2200
22000
220000326
220000621
22006
22007
2201
22015
22016
22016499
220193
2202
22021
22025
220286
2203
22032
22034
22035
22035019
22036050
2204
22042020
22043
22049
2205
220502
22051
22055
22056914
22059083
2206
220618
22067
2207
22073
2208
22085123
2209
22090
22093
22095
221
2210
2210017
2210019
22105041
221061
22107966
2211
22111
22112
22112020
221127
22115
221188
2212
221201
22121
221213
22123
22126
221264
22127
22128
22129
2213
2214
22142
2215
221500
2216
22163947
22164
22165
22167
22168
2217
221704
22172
22178251
22179
2218
22180
22183
2219
22195
22197
22198
22199
222
2220
22201
222017
222018
222021
222022
222061
2221
2221090
22211
22213
22215
2221573
2221735
2222
22221
222222
222222222222
22222222222222222222222222222222222222222222222222
2222242
22223
22227138
2223
22231
22232300
22234
22239
2224
22240
222412
2224189
22245
2225
22250
22251
22252
22253
22254
22256
22257
2226
22266
22267
22268
22269
2227
22270
222717
22272
22277
2228
22281
22282
22283
22285
222867
2229
22294
223
2230
22301
22302
22303
22304
22305
22306
2231
22316
22317
22318
2232
22320
22321
22322
22323
22329
2233
22330
223301
22331
22339
2234
22340
22341
22343
22347
22349
2235
2235126
223513
22354
2235651
22357
2236
223628
22366
2237
22371
22376
22378
2238
22380
22382
22384
22385
22388
2239
22395
22398
22399
224
2240
22402
22406
22407
22408
22409
2241
22410
22411
22412
22413
22414
22416
22417
2242
2242019
22421
2242198
22422
22423
2242454
22425
22426
224262280
224276
2243
224307
224312
22433
22434
22436
22437
2244
22448
22449
2245
22450
224548
22455157
2245545
22455494
22458
22458635
22459
2246
22460
22461
22462
22463
22464
22465
22466
22467
22468
22469
2247
22470
22471
22472
22476
22477
22478
2248
22481
22482
22483
22484
22485
22486
22487
22488
22489
2249
22490
22491
22492
22493
22494
22495
22496
22497
22498
22499
225
2250
22500
22501
22502
22503
22504
22505
22506
22507
22508
22509
2251
22510
22511
22512
22513
22514
22517
22518
22519
2252
22520
22520319
22521
22521955
22522
22523
22524
225241
22527
22528
22529
22529242
2253
22530
225306326
22531
22531253
22532
22533
22534
22535
22536
22537
2254
2255
22553
22555
225555
225579
2256
225681
2257
225773
2258
22581
2259
22597460
226
2260
22603
22606
22607
2261
22611
2261455
2262
2262023
22620263
22626
22629
2263
22634
22639048
2264
2265
22657
2266
22665680
22666
2267
22676
2268
2269
227
2270
2270488
2271
22712
22718
22719
2272
227216330
22724
2273
22732
22732865
22734
2274
22745
22747
2275
2276
22760269
22763
2277
22777944
2278
22782
22785
22787
2279
228
2280
22806443
2281
22813
22815
22819
2282
22820424
22822980
2283
22839380
2284
2285
22850
22858
2286
22861739
2286665
2287
22871
22878
2288
22880
22885
2289
22892999
22894335
22896624
22897523
229
2290
2291
229100
22911
2292
22921
22923
2293
22931
2294
229439
2295
229538
22955
22957
22958129
22958988
22959
2295995
2296
22960
22966
2297
22970
22970566
22977
22979
2298
2299
22993
22995461
23
230
2300
23002
2300455
23005
2300893
2300912
2301
230101
2301138
23013
2302
230202
230203
230209
23021
230212
230214
230221
2302688
2303
230301
230302
230312
23032021
230322021
2303624
2303867
2304
23040
230401
230403
230406
2305
230501
230506
230508
2305608
2305618
2306
230601
230602
230603
230604
230605
230696
2307
230701
230702
2308
23082
23085
23085920
2309
23094
23095
231
2310
23100
2310159
2310171
2310194
2310359
2310421
231047
2310490
2310677
2311
23112
2311244
2311475
2311522
23116
231183
2312
23121
23122
23124
2312488
23126
2312633
23127
2312722
2312884
2313
2313749
2314
2314567
23149
2315
2316
23164
23165
23166
23167213
23169
2317
23175
2318
2319
23194
23199
232
2320
23200
23201
23201149
23201150
232017
232018
232019
23202
232020
232021
23202266
23207
2321
23212
23216
2322
232224
2323
23230
23231
2324
23242
232425
23243
2324353
23245
23247
2324777
2324808
2325
2325374
23255
23255633
2326
232670
2326845
23269
2327
23274
23276
2328
2329
233
2330
23301
23302
23305473
23306
23309
2331
23315
2332
233237
2333
2333079
23335
2334
23340
23346738
23346781
23347
2335
23352
23354
2336
23363
23364
2337
23370
23374
23375
2338
2339
233969
234
2340
2341
2342
2342019
2343
23431931110
23433
23437
2344
23441020
2345
23454
23454422
2346
23460
2346006
23464
23467
23469
2347
234797
2348
23485
23486
2349
235
2350
23506000
23509999
2351
2352
23520
23522
23528000
2353
23532858
23534
2354
23540
23546
23546100
23547
2355
23556000
235579
2356
2357
23570
23571604
23571844
23572037
23579806
2358
23580428
235806
23583265
235842
2359
23593
23595
236
2360
23604
2361
23611
23617
2362
23620
23629
2363
23631
2364
236493
2365
23654
2366
2367
23671
236741
23677
2368
23685
23687
23689812
2369
237
2370
237023
23705
23708
237084
237087
2371
23711
23711244
23713
23715
2372
23721
23725
2373
237320
2374
2375
23750
23752
2376
237691
23769450
2377
2378
23785
23787747
2379
23794744
23797458
238
2380
23800605
238073
238088
238089
238090
2381
23810
238117
238167
2382
23826
2383
2384
23842718
23845
23846182
23849273
2385
23853
2386
2387
2388
23884
238857
2389
23891
239
2390
23900
2391
23910
23911
2392
23927
23929
2393
2394
239424
2395
23954
23959999999999582
2396
2397
2398
2399
24
240
2400
24000
24001
24004
24005
2400789
2401
2402
24023
24026
240266
240291
2403
24037
2404
24040
2405
24055
2406
24062016
2407
24070
24071
24073
2408
2409
24097255
241
2410
24107
2410785
2410998
2411
24112020
24114
2412
24122
2412801
2413
24135
2414
24140
2415
24151
24152
24159
2416
24160
24162
2417
24175
2418
2419
241916
242
2420
242018
242019
242021
242023
2420398
24204043
2421
2421011
2421262
242155
242162
2422
24220
2422123
24222
242222
2422302
24226
242278
242288
2423
24234
2424
2425
24251
24252
2425581
2426
24260
2427
2428
242816
2429
243
2430
24303
2431
24310
24313
2431322
24315
2432
243225
24323
24326
2433
24330
2434
243491
2435
24351
24354
24355
2436
2437
2438
2438056
2438224
243839
243850
2439
244
2440
2440304
244035
2441
244111
24412
24413
24415
24416
2442
24420
2442019
2442172
2442408
2443
24437
2444
244450
2445
24452
2446
244664
2447
2448
24488
2449
245
2450
2450553
2451
2452
24529
2453
2454
2455
24550
24552
2456
24565
2457
2457128
245768
2458
2459
24594
246
2460
2461
24616
2462
2462018
246215
2463
2464
24648
2465
24653
2466
24663
24663414
24664
24665
2467
24679
2468
2469
247
2470
247014
2471
2472
24722
2473
247365
2474
24747
2475
2475629
2476
24763
2477
2478
2479
24790
248
2480
24800
24802
24805
24809
2481
24816
2482
24823
24828
2483
24832
24833
24836
24839
2484
248415896
24843
24844
24845
24848
24849
2485
24852
24853
24856
2486
24862
24869
2487
24879
2488
24880
2489
249
2490
24903
2491
24911
2492
2493
2494
2495
2496
2497
24971
24973
2498
24987
2499
25
250
2500
25000
25000000
250000000
2500032
2500065
2500077
25001
2500529
2500921
2501
2501787
2502
25025
2503
25039
2504
2505
2505151
2505202
2505205
250522
2505252
2505353
25055
2506
25063
2506445
2506446
25065
2507
25071
25073
250790
2508
25084
2509
25091
25093
25096
25099
251
2510
2510117
2510244
2510254
2510269
2511
25112
2511218
2511220
2511221
2511224
2511279
2511280
2511281
25114
2511404
2511405
2511453
2511465
251155
25117
2511720
25118
2511900
2511946
2512
25121
25122
25123
25126
25128
2513
25136
2514
2514050
2514580
25146
2515
251507
25159
2516
25165
2516523
2517
25171
25173
2517323
251737
2517423
2517523
2518
25183
25185
25187
25189
2519
25190
25198
252
2520
25200
25201
252011
252016
252017
252018
252019
25202005
25202006
25202013
25202019
25202022
252021
252022
252023
25202708
252072
25208
2521
25212
25215
25217
2522
25221
25226
2523
25236
2523820
2523830
2524
25241
252412
25244
2525
25254
2526
2526748
2527
25271
25272
25273
2527700
25279
2528
25283
25287
2529
25292
25299871
253
2530
25300
253051
25309
2531
25311
25312
25313
25314
25319
2532
2533
25330
2534
25340
25342
2535
25354
25356
25358
2536
2536344
253639645
2537
253706
2538
25381
25382
25385
25386
2539
25391
25392
25395
25396
25397
254
2540
25405
25406
2541
2542
25425
25426
2543
2544
25442
25449
2545
25455
2546
25464
25466
2547
25472
2548
25488
2549
25496
25499
255
2550
25500
2550000
25501
25505
2550703
2551
25512
25513
25514
25514777
25519
2552
25520
2552015
25523
2553
25531
25533888
25535128
25536
2554
25541203
25543946
25545
25549000
2555
25551
25552
25553
2556
25567
2557
25578787
2558
25581
25585
2559
256
2560
2561
25610
25611
25616
2562
25626
256270
25629
2563
2563440
25637
2564
25641
25642
25647
2565
25658
25659
2566
25661
25664
2567
25671
25676
25679
2568
25680447
25682
25688
2569
25690
25692
257
2570
25705
25709
2571
2572
25726
2573
2574
2575
25754
257541
25759
2576
2576488
2577
25777
2578
2579
258
2580
2581
25816517
2582
2583
2584
2585
25856
2586
2587
2588
2589
259
2590
25904
25907
2591
25917
25918
2592
25924
2593
259335
2594
25947
2595
2596
2597
2598
2599
25997
26
260
2600
26000
260055
2600876
26009
2601
26012021
2601312
26014
2601516
2601521
2602
2603
26032
2604
2604294
2605
260596
2606
260623
2607
2608
26086
2609
260920
261
2610
26109
2611
2611069
2611271
26117
2612
261202
26121
26129
2613
2613419
2614
26140
26147
261482
2615
2615014
2616
2617
2618
26181
2619
261970
262
2620
26201
262017
262018
262019
262020
262022
262023
262026
2621
2621033
2621341
26218
2621889
2622
26222
26226
26229
2623
2624
2625
262502
2626
2627
262725
2628
262859
262860
262867
2629
2629120
2629383
262948
263
2630
2631
26313
2632
2633
26336
263379
2634
2635
2636
26364
2637
263731
26378
2638
2639
263971730925033802
264
2640
26401
264030
264055
264060
264070
264090
264091
2641
264107
26417
2642
2643
2644
2645
2646
26464
2647
2648
2649
265
2650
26506477
2651
26514
2652
2653
26533555
2654
265425
265478
2655
2656
265650
2657
2658
2659
266
2660
2661
26610
2662
2662023
26627
2663
2664
26640
26642
2665
26651
26659
2666
2667
26676
26679690
2668
26681
26689
2669
267
2670
2671
2672
2673
2674
2675
2676
2677
26773
2678
26784
267876
2679
268
2680
26800
26805
2681
2682
26824
2683
2684
2685
2686
26866
2687
2687624
2688
268894
2689
26895
269
2690
26900
2691
2692
2693
2694
26941
2695
2696
2697
26974
2697862215415547502155
26979
2698
2699
27
270
2700
27000
2700080
27001
2700340
2700391
2700545
2701
27012242
2702
2703
27039
2704
2705
2706
2707
2708
27084
27087
27088484
2709
270922
2709281
27093
27094
27095
27095432
27096150
271
2710
2711
27110807
27115
27116
2712
27122018
27123
2713
27130
2714
27143
27144
27147
27148
27149
2715
27151
27153
2716
27162
27164243
2717
27178
2718
27183
2719
271942
272
2720
272017
272018
272020
272021
272023
272025572
2720797
2721
27210
27211
272125
2721351
2722
27229
2723
2724
2725
27257
2726
2727
2728
27281
272843
2729
273
2730
27305
2731
27311
27313
273162
273168
27317
2732
27321
27322896
2733
2734
2735
2736
2737
2738
27381
2739
273979
274
2740
2741
27417
2742
27422
27423
2743
274305
274326
2744
2745
2746
2746999999999957
2747
2748
274831
2749
27490
274942
275
2750
2750235
275076
2751
27511
27517566
27517843
27518005
2752
275206
275208
275224
275226
2753
27534493
2754
2755
2756
275600
2756881987
2757
275700
27573
2758
275800
27588
2759
275900
276
2760
276000
27608425
2761
276100
27611860
27616637
2762
2762647737882116096
2763
2764
27642
2765
27654001
27657088
2766
2767
27674554
2768
2769
277
2770
27701
2771
2772
2773
2773000816
2773055
2774
2775
2776
2777
277722
2777288
2778
2779
278
2780
27802511
27804718
27805239
27806558
2781
27813987
2782
2783
2784
2785
2786
2787
278700
2788
2789
279
2790
27902
2791
2792
2793
27936331
27938750
27938900
27938989
2794
2795
2796
2797
279776
2798
2799
28
280
2800
28000
28001
2800455
2800466
2800477
2800544
2801
280168
280169
28017
2802
2802095
280285
2803
2804
2805
2805816
2806
28062021
2806667
2807
2808
2809
281
2810
2810029
281042
2810572
28108
2811
28110
2811015
28111
28112
28113
2812
28124
28125
28126
28128
2812952
2813
28131
2813477
2814
2814012
2814120
2815
28155
28156
2816
28165
2817
281781
2818
2819
282
2820
282000
282017
282018
282020
282021
282023
2821
28213
282131
2821378
2821688
2822
28222
28224927
2822705
2823
2824
2824192
282485
282486
282487
282488
282489
2825
2825412
2826
2827
2828
28281
28282
28282884
28288
282884
28289
2829
28292
28293
28294
283
2830
28300
283069
2831
283184
283187
283188
283189
283190
283191
283192
2832
2833
283395
2834
2835
2836
28367
2837
2838
2838434
2839
283971
284
2840
28405
2841
28411
2841550
2841713
2842
2843
284311508
2844
28448
2845
28450
28457
2846
28463
2847
28474207
2848
2849
28490
285
2850
2851
2851165
2851866
2852
2853
28532
2854
28541515
28543771
28543839
2855
28557
2856
2857
2858
285851
2859
286
2860
28607
2861
28613
2862
28622
2863
28633911
2864
2864168171915444224
2865
28651474
28652
28654
28655
28656
2866
2867
28671
28672800
28677
2868
2869
287
2870
2871
28713
2872
2872205
2873
2874
2875
28753
28756
2876
28761
28764714
287675
2877
2878
28784
2879
288
2880
2881
28812
28815
2882
28828
2883
288351
2884
2885
2886
2887
2888
28884
2889
289
2890
2890814
2891
28914
2892
2893
2894
28943
2895
2896
2896279
2897
2898
28982
2898852
2899
29
290
2900
2901
2901130
29012020
29015
2902
29021699
2903
290319
290335494324099339
29037821
2904
29049
2905
290520
2906
29066
29067
2907
29074
29075
29079609
2908
29081188
29082021
29082624
2909
29097432
291
2910
29100
29102015
2910408
29109900
29109992
2911
29111
29113
2912
29121
29122
29123
29124
29125
29125500
2912759
2913
2914
2915
29151
2916
29161
2917
2918
29183300
29186
2919
292
2920
29200250
29200252
29200255
292012688
292017
292018
292019
292020
292021
2921
29212
29214
29219941
2922
2922208
29228888
29228914
2923
2923674
2923764
2924
2924233
2924611
2925
29253322
29257664
29257674
2926
29261111
2927
29271
2928
29284
29285666
29286060
292896
29289961
2929
292936
292948
293
2930
29309
2931
2932
2933
29335164
29335165
29339
2934
293464
29347
29349300
2935
29351
29353
2936
29365
2937
2937769381494521856
2938
2939
294
2940
2941
29411
2942
29422
29424
29425
29426
29427
2943
29431
29431031
29432
29432525
29437
29439
2944
29441
29442
29444
2945
29452
29454
29458
29459
2946
29461
29462
29463
29464
29465444
29466
29467
2947
2948
29481
29482
2949
295
2950
29505550
2951
29518572
2952
29522638
2953
2953123
2954
2955
29553700
29555777
29555789
29555888
2956
29562036
2957
29570
29571262
29577430
29577431
2958
29584
29587
29588
29589
2959
296
2960
29600000
2961
29611
29618062
29618063
29618064
2962
29626791
2963
2964
29644401
2965
2966
29661
29661630
29664
2967
29671598
29672940
29675136
29676323
2968
2969
297
2970
2971
2972
2973
29738750
2974
2974486
29745222
2975
29751500
2976
2977
2978
2979
298
2980
298012
2981
29810000
29814797
29815807
2982
29820191
29821930
2983
29837
29838020
29838025
2984
2985
29852000
29852100
29859790
29859889
2986
29861000
29863333
2987
29871
298746
2988
29885000
29886800
29886822
2989
299
2990
2991
2992
299215
29922531
29922887
29925
2993
29930
29936632
29939240
29939241
29939242
29939246
2994
29941412
2994408
2994409
29946046
29946099
2995
2996
29962300
2996258
2997
29978
2998
29980942
29982
29986252
2999
3
30
300
3000
30000
30001
30002
30003
30004
30005
30006
30007
30008
3001
30010
3002
30020046
30021
300250
30026200
30026308
30026400
3003
3004
30042021
3005
30052016
30058
30058788
3006
3006786
3007
3008
3009
301
3010
3011
30111
30112022
30114
30115
30116
30118
30119
3012
30122020
30125
30126
30127
30128
30129
30129923
3013
30134
30135
30136
30139
3014
30140
30144
301453
3015
30151
30153
30155
3016
30164
3017
30170
30171
30172
3018
30184
3019
302
3020
302017
302018
302020
302022
30205
30206
3021
3022
3023
3024
3025
30258
3026
30264
30266
3027
3028
3029
30294
303
3030
3031
303173
30319
3032
3032761
3033
30331
3034
3035
3035532
3036
3037
3038
3039
30391
304
3040
3041
3042
30426
304270703
3043
30431
30432
30434
3043537
3044
30441
30442
30443
30444
304444
3045
30452
3046
3047
3048
304801
304803
304863
3049
305
3050
30500046
3050407
3051
3052
3052303
3053
3054
3055
3056
3057
3058
305851
306
3060
30605
30608
3061
30611
3061773
3062
3062019
3063
30633501
30634601
30638
3064
3065
3066
3067
3068
30683
3069
30694
307
3070
3071
30711
3072
30720
3072020
3073
30739
3074
3075
30750
30753
3076
3077
3078
30781
3079
308
3080
3081
3082
308215
3083
3084
3085
3086
3087
3088
3089
309
3090
3091
3091016
30911
3092
3093
309352
3094
3095
3095459
30958
3096
309611
3096436
3097
3098
31
310
3100
31000
31001
3100175
31004
3100422
3100448
3100462
310059
3100959
3101
310116
3101953
3101955
3102
31020
3102018
3102019
310204
31025
3102632
3102970
3103
31032023
310390
3104
31043
31044
31049
3105
31050000
3106
310696
3107
3107239
3108
31084
3109
31093
31098
31099
311
3110
31107
31109
3111
31112
31113
31115
31117
3112
31121
31122021
311221
311224
3113
311353
311372
3114
31142
31149
3115
31151
311550
3116
31161
311662
3117
3117094708292220361
31173
31178
3118
3119
31192901
312
3120
312017
312018
312019
312020
312021
312022
312023
31209
3121
3121087
3121129
3121206
3121434
3121449
3121526
3121574
3121657
3121794
3121976
3122
31220
3122042
3122082
3122104
3123
3123163
3123250
312345
3123626
31238
3124
312406
3125
3125282
3126
312606
312620
312658
3126646
3126649
3127
3127182
3127537
312776
3127853
3128
3128210
312822
312844
31285
3128555
3129
313
31300
31305
31306
31307
31308
3131
31311
31312
31313
31314
3131721
3131729
3132
3133
31331
31332
313383
313386
313387
313389
3134
31343
31346
31348
3135
31350
3135085
3135093
3135094
3136
3136488
3137
313700
313704
31374
3138
3139
31393
314
3140
31407
3141
31412
31414
31417795
3141906
3142
314235
31425
3142658
31426863
3143
314335
314336340
3143828
3144
3144589
314471
314474
314482
31449
31457
3146443862793261454
3147
3148
3148003
3148401
3149
31491
314923228
31498
315
3150
315000
315017692
3151
31511
315147712
31520
3153
31538
3154
3155
3155550
3156
315665214
3156665
3156669
315675294
3157
315728525
315755307
3157666
31577
31578
3158
31583
31585
3159
31590
316
3160
3160101
3161
3161345
316141
316154821
316181355
3162
3162062
31625
31626
31628
3163
316323510
316399927
3164
31641
31642
31643
31644
3165
31654
316549
316557984
3166
3166670
3167
3168
3168675640895340544
31687648
3169
316986
317
3170
317007
3170737
3171
31711
317121
317146
31716
31718
3172
31727
3173
3174
31748
317497
3175
31757895
317597
3176
3177
31772
3177289
3177808
3178
317847
3178480
31785
3179
31794406
318
3180
31800665
3181
31818
3182
3183
3184
3185
318577
31859
3186
31873
3188
31888
3189
31897
319
3190
31903
3190400
319046
31908901
31908903
3191
31910
31913008
3191658
3192
31921
31922426
3192287
31923008
31923696
3193
31931723
319318353
31934
31934550
31935076
31935252
31936226
31938
3194
319429
3194438
3195
31959
3196
3196186
319663
3197
3198
31984
3199
31990101
31990405
31995
31996016
32
320
3200
32000
320065
32007
320084
320091
3201
320175
320178
3202
3202007
3202009
320223
320273
3202758
3203
320344
320366
320367
320368
3204
3205
320513
3206
320657
320676
3207
32074
3208
320892
3209
320923
321
3210
321009
321012
32103
321033
321043
321047
321070
321078
321081
321088
3211
32111
32112
3211338
321136
321138
32116
321161
321162
32117
321187
3211957
3212
321213
321214
321268
321274
321294
3213
321300
321319
321338
32134
321355
321356
3214
321413
3214148
321462
321477
321479
321481
3215
321568
321572
321591
3216
3217
321707
321735
321752
321773
321789
3218
3218077
3218078
32181
321832
321833
321856
321858
321860
3219
321918
321924
321930
322
3220
322017
322018
322019
322021
322023
322024
322026
322033
322062
322095
322096
322098
3221
322106
322119
3221197
322181
3221952
3222
3222131
3222219
32222642
322244
3222458
32226
3223
322308
322333
322336
322341
3224
322416
3224277
322433
3224341
322435
3224482
3225
32253
322554
322555
3226
322607
322608
322623
322655
322666
3226812
3227
322734
32275
322766
322768
32279
3228
322811
322827
322882
3228825
322896
3229
322908
322911
322969
32297
322990
323
3230
32305
323052
323081
323086
32322
323261
3233
32331
323346
3234
3235
323506
3235433
323587
323589
323593
323595
3236
3237
323723
323782
323790
3238
3239
323983
323989
324
3240
3240462
3241
3242
324216
3242470
324276
324295
3243
324343
324414
324431
32444
324456
3245
32458
324590
3246
3247
324706
324707
32472000
3248
324817
324849
32486
3249
325
3250
3250530
3251
325116
325141
325145
3252
3252250
3252779
325291
3253189
325350
3253639
3254
3254133
325425
3255
32550
32558
325630
3256342
325660
3256794
325685
325697
3257422
325777
325789
325795
3258
325847
325886
3259
3259359
3259360
325950
325951
326
3260
326018
326019
32602
3261
326146
32615
326175
3262
326207
326245
32626
3263
326381
3264
32640
326402
326423
32649
3265
3266
3266278
3266282
326636
32666
3268
326864
326888
3269
326995
327
3270
3270417
327082
3271
32717
327201
3272525
3272626
3273
3275
32755
32758
32759
3276
3277
3277145
3277146
32772
327860
3279
32797
327977
328
3280
32802
32807
3281
32824
32827
32829
3283
3284
328441
3285
3288
32883
328873
3289
328930
32894
329
3290
3291909
3292
3292275
3292472
3292530
3292961
3293
329382
3294
3295
329533
3296
329688
3297
3298
32986
3298631
3299
33
330
3300
330000
3300199
3301
3302
33027
3303
3303642
3304
330412
330430
33048
330617
33062
3307
33071
3308
3309
331
3310
3310436
33105
3311
3311208
3311372
3311378
3312
33121
3312521
33127
33132
331321625
3314
331406
33143
33144
33146
331462
33147
331498
3315
33159
33168
3317
331753
3318
33181
332
3320
332002
332017
332018
332019
332020
3321
33215
332151
332156
3322
33223
3323
3324
3325
33255
3326
33263
3327
33274
3328
332814
332844
332897378
3329
33297
333
3330
3330160
33309
3331
33313
33314
3332
33321
33321002
333271
3333
3333333333
3334
333411549
33343
3335
33353
33356
333649
33368
3337
3339
33397
334
3340
33408
3341
33411
33412
33413
33415
334177
33418
3342
3343
33437
3344
3344443
3345
3346
3347
3348
3349
33498
335
3350
3350726
3351
3352
335270
33529
3353
33531
3354
3354020
33543
3355
3356
33565
3357
33576
33577
3358
33584
3359
336
3360
3361876
3361929257746956288
3362
336280
3363
3363211
3363516
3364
3364443
3364646
3365
3365866
3366
336699
3367
3368
336828
33684
3369
337
3370
3371
33729
3373
3374
3375
3377
33778
3378
3379
338
3380
3381
3382601
3384099
338574
3386
3388
338880
3389
33896
33899
339
3390
3391
339116
3392
33927
3393
3396
339623
3397
3397201264348495872
3398
339859
339866
3399
34
340
3400
3401
3402
3403
3404
34049
3405
340515
34057
3406
34061
34062
3407
3408
34092
341
341064
34108
3411
341103
34111
341170
3412
3412289
34133
341332
341334
3414
341440
3415
34158
3416
34161
3416156
34163
3417
341712
34176
3418
341894
3419
34194
34198
342
3420
342017
342018
342019
342020
342022
342023
342029
342063
3421
34216
3422
3423
342328
34233673
3424
342437
342438
3425
3426
34262
342695
3427
34275
342775
3428
34280
342872
34288
3429
3429842
343
3430
34300
3431
3432
343200
343259
3433
3434
343411
3435
343549
3436
3437
3438
3439
344
3440
3440971
3441
3441340
3442
3443
3444
3445
3446
3446459
3446460
3446645
3447
3448
344844
3449
344905
344906
345
3450
3450038
3450226
3450227
3451
34511
345159
3452
3452841
3453
3453535
3454
3454679
3455
3456
3456789
3457
345719
3458
3459
34594
346
3460
346015
3461
3462
3463
3464
3465
3466
3467
3468
34682
3469
34699
347
3470
34704422
34704440
3471
34712
3472
347223
3473
3474
34742
3474999999999966
3475
3476
347616
34764
3477
347710
3478
3479
348
3480
348062
3481
3482
348215
348219
3483
34832589
34832592
34834534
34834649
34834778
3484
3485
3486
3487
3488
3489
349
3490
3491
349110
3492
3493
34934
3494
3495
3496
34961
3497
3498
3499
349969
35
350
3500
35000
3500007
3500870
3500871
3501
3502
3502209
35023
350238351011912345
3503
3504
350445
3505
3506
3506457
350651
3507
35070
3507484
3508
3508076
3508077
3508078
3509
35097
351
3510
3510554
3510728
3511
35111
3511123
3511178
3511186
35112
3511351
3511462
3511511
35116
3511952
3511953
35121
35122
3512386
3512389
3512407
35128
35131
35132
351323
351328
35133
35134
35136
3514
35141
351488
351499
3515
351500
3516
3516296
35163
35164
35165
3517
3517463
351749
3517523
3517530
3517533
3517535
3517660
3518177
3519
351970
351971
351972
3519963
352
3520
352017
352018
3520186
352019
352020
3520437
3520763
3520840
3521
35211
3521281
35213
35214
35215
3521836
3521849
3521862
3521909
3521941
3521946
3521967
3521968
3521971
3521972
3521975
3521976
3521978
3522
35221
3522138
35223
35224
3523
3523538
3524
35240
3524091
35242
35243
3525
352596005
3526
35264
35265
352668
3527
352775474
3528
352889
3529
3529000
35295
353
3530
3531
353111686
3531253
353144
353152
353161
3532
3532473
3532474
3533
353351
3534
353457
3535
35350
3535028
3535029
35351
353588
3536
35363
35365
3536802
3536839
3537
35371
35373
3538
35384
353893
3539
354
354001
3540170
354188
3541962
354214
354229
3543
3543646
35439
3544
35443
3545681
3545721
3546
35465
35468
35469
354717
3547541
354915
3549401
3549424
354997
355
3550
3550007
3550187
3551
35513
3551352
3552
3553
3554
3554025
355419
3555
35550000000000637
3555063
35554
3556
3556529
3556676
355668
3557
3557843
3558
355812
3558423
3558427
3559
3559274
3559275
3559950
356
3560
3561188
3562
356268
3563
3563031
3563616
3564
3565
3566157
35665
3566703
3567
3567010
35676
3568
35682
356876
3569
357
3570
35700
3571
3572
3573
35733
3574
3574358
3574451
35748
3575
35755787
3576
35760
3577
3577743
3578
3579
357959
3579717
35799
358
3580
3580330
358056
3580713
35809
3581
35813
35818
3582
3582035312001
3583
35835
35839
3584
35848
3585
35852
3586
35861
3586974
3587
35872
3588
35886
3588789
3588790
3589
3589007
3589008
359
3590
3591
3592
3593
3594
3595
3596
35961
3597
3598
3599
3599511
36
360
3600
36000
360086
3601
3602
3602258
3603
36033752
3604
3605
3606
36061913
3607
3608
36084
3609
361
3610
36100
361094
3611
361114
36113
3611638
3612
36122
36123
3612383
36124
361242011
36125
361256
3612745
36128
36129
3613
36133
36134
36135
36137
36138
36139
3614
3614861
3615
3615483
3615627
3616
3616000000000099
3616549
36166
3616722
3616999
3617
3618
3619
361969
362
3620
36201
362017
362018
362019
362020
362021
362022
362023
3621
3621823
362192
3622
3622754
3622998
3623
362301
3623094
3624
3625
3625045
3625397
3625398
3626
3627
3627110
3627859
3628
3629
362995
363
3630
3630846
3631
36310
3632
3633
3634
3635
3636
36363
3636772
3637
363728
3638
3639
364
3640
36401
364017
364041
3641
3642
3643
364331
3644
3645
3646
3647
3648
3649
365
3650
3650151
365050
3651
36512
36513
365177
365188
3652
365298
3653
3654
3655
3656
36561
365747
365791
3658
3659
366
3660
3661
3662
366234
366239
3663
3665
366557
3666
3666777
3667
36673624
36676
36679
3668
36680
3669
3669607274281349127
367
3670
367165
3672
36722
3675
367531
3676
36764
3677
367766
3679
36792
368
3680
3681
3681427
3682
3683278
3684
3685
3686
3688
3689
369
3690
369087
3691
3692
36920
36928
36929
3693
36930
369314
3694
3695
3696
3697
3698
36980
3699
37
370
3700
37000
370001
37001
3701
3702
3703
3704
3705
37050
3706
3707
370777
3708
3709
371
3710
37100
371060
37112
371149
3712
37123
371248
3713
3714
3715
3716
37169
3717
3718
372
3720
372017
372018
372020
372022
37205
3721
37211
37212
37214
3722
3723
3724
3724099
3725
3726
3727
3728
37288
373
3730
37307
3731
37314
3732
373298
3733
3734
373499
3735
3736
3737
3738
37381
37383940
3739
37391197
37393992
37396162
374
3740
3741
37412
3742
3743
37431
3744
37440
3745
3746
3747
374762
3748
3749
375
3750
3750175940320165888
3751
3752
37525
3753
3754
375421162
3755
3756
3757
3758
3759
376
3760
3760824
3761
3762
3763
3764
3765
3766
37664871
3767
3768
376822
3769
377
3770
3771
3772
377234
3773
37735769
3774
37749
3775
3776
37767
3777
377760
37776211
3778
3779
378
3780
3781
3782
3782094
3783
3784
378476
3785
3787
378716140
3788
3789
379
3790
3791
379106
3792
3792573
3793
3794
3795
3796
37960465
3797
3798
3799
38
380
3800
3800154
3800738
3801
3801085
380141
3801633
3802
380270
3803
38030
3804
3804441
3805
3805080
3805272
3805723
3806
3806929
3807
3808
3808178
3808386
38087
3809
381
3810
38100
3811
381159
38116
38118
3812
38123
3813
3813324
3813812
3814
3814039
3814154
3815
381572
381588
3816
381685
3817
381766
3818
3819
381913
382
3820
382017
382019
382020
382022
382023
38205
3821
382121
38213
38216
3822
38221
38222
38223
38224
38225
3822693
38227
38229
3823
3824
3824240
3824241
3825
3826
3827
382791
3828
3828152
3829
3829445
382966
383
3830
383014
383015
3831
3832
383265
3833
3834
3835
3836
3836670263764713472
38369
3837
3838
383801
3838899
3839
38397
384
3840
3840101
38406
3840651
3840742
3841
3841022
3841178
3841994
3842
3842023
384203
384204
384205
384244
3842613
3843
384365
3844
3844693
3845
3845031
3846
3846391
38466
3847
3847288
3847583
3847709
3848
384873
3849
3849422
384951
385
3850
385032
3851
38510
38512
38516
3851998
3852
3852148
38524
3853
3854
3854491
38545
3854851
3855
385533
385539
3856
38560
38566
3857
3857245
3857677
38577
3858
3858001
3859
38590
3859041
3859050
386
3860
3861
38611
38619
3862
3862141
3862142
3862143
3862148
3863
3863156
3864
3864075
3865
3866
386604
386656
3867
3868
3869
387
3870
38709
3871
38713
3872
3873
3874
3875
3876
387634
387683
3877
387736
387737
3878
38785
3879
388
3880
3880184
3881
3882
3883
3884
3885
3885739
3886
38866
3887
38877
3888
3889
389
3890
38902233
3891
3892
38926513
3893
3894
3895
3896
3897
3898
3899
39
390
3900
39000
390006
3900902
3901
3901071
3901072
390113
3901411
3901485
3902
3903
3904
3904907
3904909
3904966
3905
3905474
3905820
3906
3907
3908
3909
3909458
3909631
391
3910
3911
3911049
39114
3912
3913
391322
39137824
391383
3914
3914221
3914419
391470
391479
3914870
3915
3916
391632
391691
3917
391769
3918
39182
3918329
3919
39192
3919392
39194
39196
3919898
392
3920
3920101
392017
392020
39208
3921
392146
392155
3922
3922328
3922336
392278
3923
39232
3924
3924517
3925
3926
3926354
3927
3928
3928162
3929
393
3930
3930905
3930951
3931
3932
3933
3934
3935
3936
3937
3938
39385
3939
394
3940
39408907
3941
3942
3943
3944
3945
39459
3946
3947
3948
394827
3949
395
3950
39500
3951
3951234
3951395
3952
39522
3953
3954
3955
3956
3957
395733
3957742
3958
3959
396
3960
396000
3961
3962
39622426
39623964
3963
3964
39646
3965
3966
3967
3968
3969
397
3970
3971
3971493
3971901
3972
3973
3973959
3974
3974542
3975
39751
3975450
3975454
3976
3977
3977877
3978
39796
3979976
398
3980
3981
3981153
3981477
3981553
3981653
3981722
3981811
3981814
3981815
3981830
3981831
3981941
3982
3982100
3982200
3982272
3983
39831860
39833066
39833715
39838747
3984
3984194
3984783
3985
3985188
3985189
3985323
39855323
3985541
3985594
3985638
3985640
3985771
3986
39866
39867
3987
3987877
3987878
3988
3989
39898
399
3990
39904
3990517
39909
3991
39910
39911
39912
399174
3992
39922884
39928603
39928780
3993
39930
39931
39939
3994
39947
3995
39959
3996
3997
399782
39979
3998
39985
3999
399980
399983
4
40
400
4000
40000
400000
40001
40002
400024414
4001
4001608
4002
40023256
40029
4003
4004
40042
40047
4005
40056
4006
40065
40066
4007
400755
4008
4009
40094
40095
40097
401
4010
40103
40104
40106
40107
401096
4011
40111
40112
40114
40115
40116
40117
4012
40122
40123
40124
4013
40130
40131
40134
40135
40137546
4014
40141
4015
40153
4016
40161
40162
40164
40168
4017
40171
40173
40174
40175
401768
4018
4019
40194
402
4020
402018
402019
4021
40213
40215
402150
402151
4021913
4022
402205
402212
402213
40223101
40223115
40223117
40223119
40223120
40223123
40223136
40223137
40223138
40223139
40225
402251
40227
402276
4023
40232
40233
40235
402351
4024
40243
4025
40252
40253
40254
4026
40261
40262
40264
40265
402650
40267
4027
40272
40274
4028
402837
40284
402847
40285
40286
40287
40288
4029
40291
40296
403
4030
403000
4031
40310
4032
40320
4033
40338
4034
40346
4035
40353
4036
40361
4037
40377
40379
4038
403808
40385
4039
40391
404
4040
4041
4042
4043
404329
40436
4044
40443
404494
4045
40455453
404556
4045562
4046
4047
4048
4049
40490
40498
405
4050
40507
40508
4051
4052
40520
40526
4053
40532
40533
4054
4055
40552
40553
405533
40559
4056
40561
4057
405748
4058
40580
4059
406
4060
406000
4061
40610
40613
40614
4062
40624
4063
40634
4064
4065
4066
4067
4068
40687
406878
406879
4069
407
4070
4071
4072
4072864
4073
407327
407328
4074
40740
40746
40749
4075
40754
40756
4076
4077
40772
4078
4079
408
4080
4081
408131
4082
40821
408241
4083
408336
408396
4084
4085
40850
4086
40868
4087
40871
408720
4087576
4088
40882
4089
40897
40898
4089888
40899
409
4090
40900
4091
40911
40912
4091961
4092
40921
4092334
409286
4093
4093081
4094
4095
4095153
4096
4097
4098
4098525
4099
41
410
4100
41000
41004
4101
4101260
4102
41025275
4103
410339886080568
4104
4105
4106
4107
410759
4108
41086
4108842
4109
411
4110
411035
41105
41109465286
4111
41114
41115
41117
41119
4112
41122
4112698345625
4113
411318
41132
411362
4113767
411398
4114
411418
4115
41152
4116
41160
41162
4117
411795
4118
41181
411856613
41188
4119
41192
412
4120
412017
412018
41202
412020
412021
412022
4121
41210
41211
412169
4122
41220286
4123
41234
4124
4125
41254
4126
41262
412645
4127
41271
41272
4128
41281
41285
4129
413
4130
413069
4131
41311
41312
41313
41314
41317
413173
4132
413293
413294
4133
4134
41344
4135
41352
41357
4136
41360
41361
41362
41363
41368
4137
41370
41371
41373
41374
4138
41382
41384
4139
414
4140
41406
41407
4141
414119
4142
4143
4144
4145
41457
4146
4147
41475
4148
4149
415
4150
4151
41516664
4151818
4152
4152655
4153
4154
4154611
4154666
4155
4155090
4155100
4156
4156006
4157
41573
4157744
4158
415869
415879
4158935
4159
4159422
4159782
416
4160
4161
4161722
4161961
4162
4162047
4162160
41628
416286
4163
4164
4165
416544
41655
4166
416663690
41669
4167
41670
41671
4168
4169
417
4170
417000
41705
4171
41711
41712
41719
4172
41720
4173
4174
4175
4176
4177
4178
4179
418
4180
418096
4181
4182
4183
4184
4185
41850
4186
4187
41878
4188
4189
419
4190
4191
4191902
4192
4193
4194
4195
419500
4196
4197
419745
4198
4199
419935
42
420
4200
42002213
4200277
4200697
4200717
4200808
42008727
4201
4201505
4201508
4201596
4202
4202088
4202599
42027
420272
4203
420341
420346
4204
4204462
4204994
4205
4205421
4205774
4206
420655
4206944
4206988
4207
4208
4209
421
4210
4210391
421040
421049
421053
421070
4210854
4210865
4211
42112
42113
42115
42117
42118
421192
4211945
4211947
4212
42121
4212188
42123
4212524
4212550
4213
421363
421385
4214
421402
42140555
421427
42148
4215
42151
421569
4216
4216314
421634
42166
421696
4217
42171
421780
4218
42185
421859
4219
4219029
4219039
421972
422
4220
422006
422017
422018
422019
422021
422022
422023
4220604
422086
4221
42211
42213
4221691
4222
422201
422212
422242
422246
4222508
422255
422267
4223
422311
4223344
4224
422410
422464
4225
422563
4226
4226929
4227844
4227845
4228
422888
4229
423
4230
4230223
4230353
4231
42311
42312
42317
4232
4232153
4232292
4233
4233458
4233615
4234
42345
423452
423453
4234868
4235
4235741
4236
42361
42364
42366754
4236721
4237
4238
423813
42382
423853
4239
423903
4239278
4239560
424
4240
4241
42410
42411
42414
4241808
4242
42420
42422
42423
424243
424260
4243
42430
42435
42438
4244
42440
424405
4244088
4244291
42446
424460
4245
4245034
42454
4245572
4246
424672
4247
424725
424737
424794
4248
424801
4248220
424852
4249
424990
425
4250
4251
425132
425140
42518
4252
4252070
425212
4253
425369
4254
4254314
4255
42550
4255093
4256
42564056
4256803
4256832
4257
42572160
4258
4258836
425885
4259
425910336
425952
42597
426
4260
426061
4261
4261088
426109
42611789
4261241
4262
4262304
4263
426342
4263776
4264
4264203
4264204
426463
4265
4266
42661
426624
4267
4268
4269
427
4270
427061
4271
4271455
4272
4273
427301
427304
427347
4274
42747
42748
4275
427535
4275886
4276
4277
4278
427829
4279
428
4280
428000
42801151
4281
4281738
4281804
4281805
4282
42826195
4283
42830750
42831235
42831927
4283621
4284
4285
4286
4286541
4287
428758
42877404
4288
428823
42883262
42883963
42884588
4289
429
4290
429003
42907306
429092
4291
429105
4292
4293
4294
4295
4296
4297
4298
4299
43
430
4300
43000
4301
4301080
4302
4303
43033
4304
4305
4305101
4306
430611
43064
4307
430700
4308
43087
4309
43098
430999
431
4310
4311
43113
43114
4312
431200
4313
43131
43132
4313910
4314
43143
43147
4315
43152
43154
43155
4316
4317
431700
43171
4318
431869262
4319
43191
43192
43193
432
4320
432017
432018
432019
432020
432021
432023
4321
43211
43214
432147
43215
43216
4322
432204895480274078
4323
4324
43240
4325
432525
43253
4326
43267
4327
4328
43282
43285
4329
432990
433
4330
4331
4332880
4333
433382
4334
4335
43351
43359
4336
43362
43363
43364
43365
4337
4338
4339
434
4340
4341
4343
4344
43449
4345
4346
434731
4348
43487
4349
435
4350
435057
4350724
4351
4352
4352993
43533
435349
4355
4356
435691
4357
435703
4358
4358949
4359
436
4360
4361
436113
4362
4363
43633
43637
4364
43640
436490
436494
4365
436531
436536
4366
4366824
4366836
4366847
4366939
4367
4368
4368964885
4369
437
4370
4371
437137
4371741
4372
43726
437292
4373
4374
4375
43754
4375897
4376
43761326
43761897087097
4377
4378
4379
43790
438
4380
4381
438152
4382
43825
4383
43835
4384
438432
438465
4385
438521
4386
4386999
4387
438780
4388
4389
439
4390
439034
4391
4392
4393
43932905
43933183
43934416
4394
4395
4396
43969
4397
4398
4399
44
440
4400
44000
440002441
4401
4402
4403
4404
44041
4405
44059
4406
44069
4407
440716
44079
4408
4408691
440898
4409
440909
441
4410
4411
44115
44117
44118
441182
4412
4413
4414
4415
44150
44151
44152
44155
4416
441618
4416555
4417
4418
44180
4419
441960
442
4420
44200
4420100
442017
442018
442019
442020
442023
442098
4421
442132
4422
4423
4424
44244
4424575
4425
442500
4426
4427
4428
4429
443
4430
4430837
4431
4432
4433
4434
44345
443452
44346
4435
4436
4437
443712
443735
443736
4438
4439
44391919
444
4440
4441
4442
4443
4444
444465
4445
44454
444553540000
4446
4447
444777
4448
4449
445
4450
4451
44518
4452
4453
445389
4454
4455
445554
4456
445603
4457
4458
4458202
4459
446
4460
4461
4461270
4462
44628
4463
4464
44642
4465
4465930
4466
4467
4468
4469
4469718
447
4470
4471
4472
447212778282293581
4472450
4472578
4473
44736644
4474
4475
4476
4477
4477733
4478
4479
447940
448
4480
4481
4482
4483
4484
4485
4486
4486051
4487
4488
4488970
4489
449
4490
44901008
44901022
4491
4492
4493
44936
4494
4494410
4495
4496
4497
4498
4499
45
450
4500
45000
450001
45001
4500849
4501
450112
450143
4502
450200
4503
450370
4504
4505
4506
4506097
450668
4507
4508
4509
450985
451
4510
451012
451013
451015
451017
451018
451059
4511
45111
45112
45118
4512
45121
45122
4512490012345678
4512490030001234
4512490030001678
451259
4512652
4513
45131
45132
45133
45134
4513612
451377
4514
45142
45144
4515
45151
4515100
45153
45154
4515513
4516
45162
45168
4517
4518
4518012
45181
4518283
45183
45188712
4519
4519339
452
4520
452017
452018
452020
452021
452022
4520331
4520401
4521
45212
4522
452271
452275
4523
4524
4524550
45247056
45247070
4525
452530
452532
4525800
4526
45264
4526485
4527
4527100
45273
452771
452772
452773
4528
4528100
45283
452834
452837
452838
4529
4529909
453
4530
453019
4530500
4531
45312
4531993
4532
45323
4532788
4532791
4533
4533634
453381
4534
4535
4535320
4536
45360
4536269
45363
4537
45378
4537885
4538
4539
454
4540
4541
454135329
454173
45418
4542
4543
4544
4545
45451
45454
4546
4547
45472
4548
45480560
4549
455
4550
4551
45511
45512
45513
4551679
4552
4552000
4553
4553772
4554
4555
4555558
45556
4556
4556946
4557
4558
4559
455940
456
4560
4560991
4561
45611
4562
4563
456345
4564
4565
4565241
456560
456563
4566
45661
4566358
4567
456789
4568
45689557
4569
457
4570
4570621
4571
4572
4573
4573117
4573165
4574
4574145
4574153
4575
4576
4576222
4576606
4577
457764
4578
4579
457930
458
4580
4581
4582
4582422
4583
458392
4584
458400
4585
45850112
45850613
45850615
45851153
45851157
45853466
45853468
45859
45859263
4586
458668
45869860
4587
45876516
4588
458884
4589
459
4590
4591
4591758
4592
4593
45932458
4593539
4594
4595
4596
4597
4598
4599
46
460
4600
4600692
4601
4602
4603
4604
460484
4605
46058
4606
4607
4608
4609
46096
461
4610
461021
4611
46112
46113
46115
46116
4612
46121
461240
46126
4613
46131
46133
4613501
4614
461482
4615
46151
4616
46165051
4617
4618
4619
462
4620
462017
462018
462019
462020
462021
46203
4620310
4621
46211
46213
4622
4623
462394
4624
46245
4625
462565
4626
4627
462738
4628
4629
46297
463
4630
4630915
4631
4632
46321
4633
4634
4635
4636
4637
4638
46384
4639
46396
46398
464
4640
46407
4641
46412
46416
4642
46424
464242
4643
464354
4644
46445
4645
4646
4647
464710
4648
4649
465
4650
465056
4651
46512
4652
465268
4653
4654
4655
4656
4657
4658
4659
466
466080
4661
466100
4662
466266
4662677
4662802
4663
46631
4664
466437
4665
4666
466666
4667
4668
4669035
467
46702
4671
467100
4672
4674
4675
4675566
46757
4677974
4678
46789
4679
46796
468
4680
4681
4682
46821658
46821659
468265
468266
46827649
46827650
4683
4684
4685
4686
46860
468681
4687
4688
4689
469
4690
469088
4691
4692
4693
4694
4695
4696
4697
469701
469702
4698
46980
47
470
4700
47000
47012
4701480
4702
4703
4703104
4704
4705
4705774
4706
4706077
4707
47070
4707438
4707443
4709
471
4710
471065
4711
4712
4712749
471282
4713
4713037
4713047
4714
4714584355043188551
4715
4716
4717
471769
4718
4719
472
472017
472020
472021
47207
4721
472167
472168
472187
472188
4722
472230
4723
4723100
4723166
4723206
4723263
4724
4725
472546146
4726
4726277
47267
472679
4727
4727307
4727869
4727873
4728
4729
473
4730
47300
4730678
4731
47311
473176
4732
4733
4734
4735
4736
47364
473792
4738
4739
474
4740
4741
4742
47421
474260
4742925
4744
4745
47458
4746
4747
4747774
4748
4749
475
4750
4752
4753
4754
4754159
4754751
4755
4755599
4756
47565652
4757
4757108
4758
4759
476
4760
4761
4762
4763
4764
4765
4766
47669
4767
47670
4768
4769
477
4770
4770615
4771
4771664
4772
4772067
4772141
4772222
4773
4773598
477393
477394
4774
477471
4774765
4775
4776
47762
4777
4778
4779
47792
478
4780
4780023
4780028
4780405
4781
4781484
47819
4782
4782850
4783
4783820
4784
4785
4786
4787
4788
4789
47898888
479
4791
4792
479253040461432822
4793
479339
4794
4794084
4795
47955
4796
47967
47968
47969
4797
4798
4799
48
480
4800
4801
4802
48021
48023
4802776
4803
4804
4805
48056
48057
4806
4807
4808
480828
4809
48097711
481
4810
4811
481131
4812
4813
4813210
4813615
481379
4814
481438
4815
4816
4817
4818
4819
481958
482
4820
482017
482018
482019
482020
482021
482023
4821
482105
4822
482237
4823
482336
4824
4825
48252
482576
482577
482578
4826
4827
4828
482864
4829
483
4830
4831
4832
4833
4834
4835
4836
4837
4838
48384
4839
484
4840
4840761
4841
484164
4842
4843
4844
4845
484550
4846
484604
484637
484667
4847
4848
484856
4849
485
4850
4851
48515
4851820150448149822
4852
4853
485303
4854
4855
485530
485580
4856
4857
4857390
4858
4859
486
4860
4860014
4861
486165
4862
4863
4864
4865
4866
4867
48675
4868
486809
4869
486978
486979
487
4870
487022
487036
4871
487175
4872
487200
487226
487250
4873
487334
487336
4874
48747
4875
487549
4876
4877
4878
4879
488
4880
4881
4882
4883
4883399
4884
4885
4885785
4886
4886151
4887
4888
4888259
4889
489
4890
489020
4890607
4891
48910
489135
4892
489229
4893
4894
4894047
4895
489539
4896
4897
4897321
4898
489885
4899
489969
49
490
4900
4901
4902
4903
4904
4905
4905536
4906
4906463
4907
4908
49085345499267
49089
4909
491
4910
4911
491143
4912
4913
4914
4915
4916
491644
491674
4917
49176
4918
491815
4919
492
4920
492019
492023
4921
4922
4923
4924
4925
4926
4927
4928
4929
493
4930
4931
4932
4933
4934
4935
4936
4937
4938
4939
494
4940
4941
4942
4943
4944
4945
494532
4946
4947
4948
4949
495
4950
495059
4951
495102
4952
495226
4953
4954
4955
49550
4956
495687
4957
4958
4959
496
4960
4961
49613
496178
4962
4963
4964
4965
496510
4966
4967
4968
4969
497
4970
4971
4972
4973
4974
4975
4976
4977
497771
4978
4979
497927
498
4980
4981
498153
4982
4983
4984
4985
4986
4987
4988
4989
499
4990
4991
4992
4993
4993385
4994
4995
4996
4997
49978
4998
4998111
4999
4999153
499999
4999996
5
50
500
5000
50000
5000000
50000000
500001
50001
500027
5001
500135
5002
5003
50031
5004
5005
500567
5006
500655
5007
5008
5009
501
5010
50100
50100859
50105862
5011
50112077
5011870386506170368
5012
50122
50124
50126
5012844
5013
50131
50132
50134
50137
5014
50144
50145
50147
50148
50149
5015
50156
5016
5017
50174
5018
50181
50184
5018558
5018884
5019
50198
5019981
502
5020
50200
502017
502018
502019
502021
502022
5020306
5021
5022
5022339
5023
50231
50236
5024
5024038
50241
50242
50244
502441
50245
50246
50249
5024999999999977
5025
50251
5025151
5026
50261
50263
50264
50269
5027
50272
50277
5028
5028036
5029
503
5030
5031
5031411
5031412
5032
5032201
5032206
5032775
5033
5033611
50338
5034
5035
503589
5036
5037
5038
5039
504
5040
5041
5041276
5042
5043
5044
5044111
5044374
5044375
5044376
50446
5045
5046
5047
5048
5049
5049098
505
5050
5051
50511
50514
5052
5053
5054
5055
5056
505665
5057
5058
5059
506
5060
50609
5061
50612
5062
5063
5064
5065
5066
5067
5068
5068070
5069
507
5070
5071
50711
507156
507181
5072
50722
50724
5073
5074
5075
5076
5077
5078
5079
508
5080
5081
50811111
50811123
50811246
50814789
50814790
5082
50821000
50821010
5083
50835000
5084
5087
50871900
50871906
5088
50886181
50886182
5089
50890929
509
5090
5091
50910888
50914100
5092
50927460
5093
50931300
50931494
5094
5095
5096
50960000
5097
5098
50987151
5099
50992901
51
510
5100
51003
5101
51018
5102
5103
5104
5105
5106
510636
510679
5107
5108
510892
5109
510903
511
5110
5111
51111
51113
51117
51118
51119
5112
511261
51129
5114
51151
51152
5116
51161
51169
5117
51174
511761
511764
5118
51181
5119
511955
512
5120
512017
512018
512019
512020
512021
512022
512023
5121
512126
51214
51215
5122
5123
512368
5124
51244
5125
5126
51260
5127
5128
51285
5129
513
5130
5131
51310
51311
51316
5131623
5132
5132355
5133
5133582
5135
51352
5136
5137
5138
5139
513902
514
5140
51401340
514013430
51401350
51401509
51409
5141
5142
5143
5144
5145
5146
51467
5147
5148
5149
514980
515
5150
5150480
5150515
51506
5151
5151000
5151407
51515
51517
5152
5152152
5152168
51524
5153
5153251
5153254
5154
51541
5155
5155155
5156
5157
5158
5158088
515868
515871613771460
5159
516
5160
51601
5160336
5161
5161160
5162
51621
5162660
5163
5164
5165
5166
5167
5168
51689
5169
517
5170
5170016
5170090
5171
5171013
5172
5173
5174
51745
5175
5176
5177
5178
5179
518
5180
5181
5182
518291
5183
5184
5185
5185359
5186
5187
5188
519
5190
5191
5191285
519194
5192
5193
5194
5195
5196
5198
5199
52
520
5200
5200057
520019531
5200700
5201
520109
5201113
52012
5201589
5201590
5201606
5202
5202682
5202695
5203
5203030
5204
5204750
5205
5205502
5206
5206767
5207
5207572
5208
5208352
52085
5209
520955
521
5210
521030
52104951
5210719
5211
52111
52113
521139
5211995
5212
52121
5212288
5212300
52124
52125
5212901
5213
5213921275751244186
5214
5214326
5215
5215109
5215328
5216
5216026
5217
5218
52181
521898
5219
52194
522
5220
522017
522018
522019
5220222
5220223
52207
522104
52212
5221857
5222
5222432
5223
5223002
5223011
5223807
5224
52240
5224581
5224582
5224670
5225
522535
52254
52255
52257
5226
52263
52264
52265
522657
52273
5228
5228080
5228107
5228777
5228888
5229
5229766
523
5230
52300
523001
5231
52311
52313
5232
5233
5233042
5234
5235
52356451
5236
52366619
5237
5237253
5237788
5238
5239
52393
524
5240
5241
52417
52419
5242
52428800
5243
5244
5245
5245006
5245849
5245858
5246
5247
5248
5249
525
5250
52500
5250060
5250585
525076
525080
5250901
5250906
5250954
5251
5251108
5251127
5251132
5251429
5251438
5251442
5251449
5251470
5251661
5251761
5251893
5251901
5252
5252185
5252194
5252203
5252225
5252236
5252450
5252482
5252690
5252693
5252701
5252709
5252713
5252741
5252746
5252946
5252954
5252978
5253
5253214
5253260
5253270
5253278
5253286
5253452
5253526
5253549
5253794
5253802
5253817
5253825
5253852
5254
5254038
5254042
5255
5255351
5255509
5255609
5255861
5256
5256126
5257
5258
5258300
5259
526
5260
5260787
5261
5261086
5261113
5261114
5261136
5261161
5261411
5262
52622
5263
5263459
5263460
5264
5265
5265310
5265526
5266
5267
5268
5268246
5268388
5269
527
5270
5271
5272
52720111
5273
5274
5274145
5274146
5274385
5274871
5275
5276
52769
5277
5278
5279
52790
528
5280
5281
5282
5283
5284
5285
5286
5287
5287926
5288
5289
52894100
529
5290
52902770568
52905050
52905555
52907304
5291
52914248
529168
52918000
52918211
52918233
52918750
5292
52921669
5293
5293725
5294
529400
5295
5295453
529591
5296
52961015
5297
5298
529838
5299
5299174
52997735
52997777
53
530
5300
5300362
5301
5302
5302009
5303
5304
5304949
5305
5306
5307
5308
5309
531
5310
5310090
5311
5311055
53111
53114
53115
53116
5312
5312126
53122446
5313
5314
53147
5315
5316
5316359
531653
5317
5317028
531711
531714
531741
5318
53181
53183
5319
5319818
532
5320
532011
532017
532018
532019
5321
532100
5321127
53213
53215
5322
53221
53223
53224
5323
532371
5324
5325
53252
5326
5326489
5327
5327114
532798
5328134
5328911
5329
5329248
533
5330
533019
533030
533035
53305
5330918
5330942
5331
53316
5332
53320
53321
5332162
533219
533221
533270
5333
5333290
533330
5333733
5334
53346
5335
5335000000000036
5336
5337
5337977
5338
533827
5339
53393
534
5340
534078
5340783
5341
5341300
53415
5342
5342151
534254
53427
5343
5343551
5344
5345
5345031
5345043
53455375
5346
53460
534651
5346690
5347
53473
5348
53484
5349
5349063
535
5350
5351
535155
5352
535293
5353
5354
5355
5355892761205331
5356
5356123
5357
5357382
5357384
5357509
5358
5359
535941
535950
536
5360
5361
5362
5363
5364
53648
5365
53654900
5366
5367
53671
53679909
5368
5369
537
5370
53706
5371
5372
5372231
5373
5374
5375
5376
5376967
5377
5378
5379
5379033
538
5380
5381
5382
5382090
5383
5384
53843
5385
5386
5386924
5387
5388
5389
539
5390
5391
53912
5392
5393
53930
5393474
539376229
5394
539499
5395
5396
5397
5398
5399
53993
5399347
54
540
5400
54000
5401
5401458
5401468
5402
5403
5403021
5404
5405
5405699
5406
540603
5407
5408
5408621
5409
541
5410
5411
54114
5412
54123
5413
5414
5415
5416
54161
541624
54168
5417
5417705
5417720
541777
5418
5419
542
5420
542017
542019
542020
542021
542023
54203
54207
54208
5421
54213197
54213198
54213199
54213201
5421430
54215760
5421877
5422
54220485
542243
5423
54230166
54236
5424
54242
54249
5425
54259
5426
5427
54270
542762002
5428
54286
5429
54295
543
5430
5431
54311
5432
54321
5433
5434
5435
5436
5436596
5437
5438
5439
54394397
54394498
54394696
544
5440
544038
5441
54419559
5442
5443
5444
5445
5445604
5445605
5445642
5446
544605
5447
544723426
5448
5449
545
5450
5451
5452
5453
5454
5455
5456
5456334
5457
5458
5458253
5458254
5459
546
5460
5461
5462
5462269
5462271
5462421
5463
5464
5465
5466
5467
54677
546774
5468
5469
547
5470
5471
5472
5473
547300123456
5474
5475
5476
54769
5477
5478
5479
548
5480
5481
5482
5483
5483008
54835
5484
54841118
5485
5485118
5486
5487
5488
5489
549
5490
54900
54901
5491
5492
5493
5494
5495
5496
549658
5497
5498
5499
55
550
5500
55000
55001
55002
5501
550171
5502
550228
5503
5504
5505
5506
5506122
5507
5507981
5508
55086
55087
5509
551
5510
5511
551181
5512
5513
5513725
5514
55143
5515
55151
5516
55162
55165
551661
55167
5517
55173
5518
5518433
5519
552
5520
552017
552018
552019
552020
552021
5520781
5521
55212
5522
55221
55224
55229
5523
552300
55231
55233
5523339
5524
55241
55244
5525
55251
5525516
5526
55264
5527
55271
5527284
5528
55281
55282
55283
55284
55285
5529
55293
553
5530
5531
5531234
5531616
5532
553283
5533
5533133
5534
5535
5536
5537
5538
5539
5539230
554
5540
5541
5541379
5542
5543
5543802
5544
5545
5545050
5546
5547
5548
55489
5549
555
5550
5551
55511
5552
5553
5554
5554124
555488
5555
5556
5557
55571
55573
5558
55581
55582
5559
55592
556
5560
5560069
5561
55611
5562
5563
5564
5565
55652
55654
5566
5567
55671338
5568
55686836
5569
557
5570
55702
5571
55711
5572
55728392
5572843
5572885
5573
5574
55740947
5575
557528
55756
5576
55762
5577
55771198
55771416
5578
55787436
5579
55791376
55791863
558
5580
5581
55811
5582
5583
5584
5585
55851
5586
5586019
5586178
5587
5588
5589
559
5590
559000
5591
5592
5593
5594
5595
5596
55961897
55962458
5597
5599
56
560
5600
56000
5600467
5600608
5601
5602
5602540
5602656
5602690
5603
5604
560447
5604518
5605
5605104007
5605104008
5605104040
5606
5606355
5607
5607303
5607309
5608
56083
5608981
5608982
5609
56095
561
5610
561074
5611
5612
56121
56124
5612725
5613
5613695
5614
5615
5616
561614
5616729210
5617
56172
5618
5618716
5619
562
5620
56200
562017
562018
562019
5621
56211
56213
5622
56222
5623
562303
5624
5625
5626
5627
5628
5629
563
5630
5631
56311
563153
5632
5632430
5633
5634
5635
5635336
5636
5637
5638
5639
56390
5639053
5639473
564
5640
5640121
5640122
5641
5642
5643
5644
5645
5646
5646775
5647
5648
5649
565
5650
56501
565033
565053
5651
5652
5653
5654
5654783
5655
5655287
56553
5655370
5656
5656030
5657
5658
5658121
5658160
5659
566
5660
5661
5662
5662301
5663
5663959
5664
5664011
5664188
56649
5665
5666
5667
5667010
5668
5669
566959
567
5670
56700
5671
5671035
5672
5672301
5673
5673834
5674
5674806
5675
5675330
5676
5676301
5677
5677007
5677620
5678
5678125
56789
5678975
5679
568
5680
5681
5681869
5681889
5682
56826
5682604
5682605
5682613
5683
5684
5685
5685340
5686
5687
5688
5688858
5689
569
5690
5691
5691466
5692
5693
5694
5695
56956100
56956105
5696
5696160
5697
5697835567003502
5698
56983774
56983784
5699
57
570
5700
570000
5701
5701635
5701936
5701958
5702
5702509
5702511
5702912
5703
5703955
5703977
5704
5704149
5705
5705177
5705404005
5705404017
5706
5706185
5706780
5707
5707474
5707570
5707843
5707844
5708
5709
5709009
5709026
5709506
571
5710
57108
5710958
5711
5711084
5711095
57111
5712
571209
57126
57127
57129
5713
57135
571359
57136
57139
5714
57141
57143
57149
5715
571515
57154
57155
5715772
5716
57164
57169
5717
5718
5719
5719526
572
5720
572017
572018
572019
5720279
572038
5720772
5721
57212
5721234
5722
5722280
5723
5723786
5723869
5723870
5723908
5724
5725
5726
5727
5727172
5727447
5727483
5727484
5728
5728101
5728122
5728358
5728364
572837
572838
5728387
5728874
5729
5729090
573
5730
57300
5731
57313
5731330
5731333
57316
5731927
5732
5732713
5732901
5733
57330
57331
5733516
5734
5735
5735041
5735081
5735083
5736
57360
57365
5737
573745
5738
5738229
5739
574
5740
5740068
5740088
5741
57411
57412
57415
5742
5742944
5743
5744
5744736
5744739
5745
5745333
57454
5745444
5746
57464
57465
57466
5747
57471
5747649
5747789
5748
5749
575
5750
5750300
5751
57511
57514
5752
5752444
5753
5754
5755
57552
57556
5756
5757
5758
5759
576
5760
5761
57613
5762
5763
5764
5765
5766
5767
5768
576894
5769
577
5770
5771
57711
57712
5772
5773
5774
5775
5776
5777
5778
5779
578
5780
5781
5782
5782787
5783
5784
5785
57853377
5786
5787
5788
5789
57891246
578916
579
5790
57903734
57905399
57905400
57907111
57908111
57908888
5791
5792
579272
5793
57938543
57938552
5794
57940941
57944000
5795
57950624
57951509
57951515
57954509
57954510
57956
5796
5797
57973020
5798
57982288
5799
57991568
57992
57998080
58
580
5800
5801
5802
5803
580389
5804
580416
58045
5805
5806
5807
5808
5809
581
5810
581001
581065
5811
58111
58112
5812
5812285
581236
5813
5814
5815
5815328
5816
5817
5818
5819
582
5820
582017
582018
582019
582020
582022
5821
58211
5821601
5821605
5822
5823
5824
5825
5826
5826362
5827
582716
5828
5829
583
5830
58303381
5831
583182
5832
58329
5833
5834
583407
5835
583500
58350446
583536
5836
583651
5837
5837236
5838
5839
584
5840
584032
5841
5842
5843
584366
584367
5844
5845
58450
5845474
584580
5846
5846035
5847
5848
5849
585
5850
58507
5851
5852
5853
5854
58540
585437
585448
585474
585491
5855
5856
5857
5858
585824
5859
586
5860
5861
5862
5862556737745249652
5863
586393
5864
586451
5865
5866
5867
5868
5869
587
5870
5871
5872
5873
5874
5875
5876
5877
5878
58785
5879
588
5880
588014407667096013
5881
5882
5882177
5883
5884
5884270
5884510
5884511
5885
58855
5886
58867
58868
5887
58871
58872
5888
58881
5889
588910
589
5890
58905442
5891
58910
58910034
58910035
5891374
589166
5892
58921
5893
5893888
5893988
5894
5894454
5895
5896
58966
5897
5897521
5898
589819
5899
58990396
58994070
5899826
589984
58998601
589987
59
590
5900
59000
59004
5901
5902
5903
5904
590411
5905
59050
59053
5905708
5906
5907
5908
5909
591
5910
59100
5910701
591080
5911
59111
59119
5912
5913
5914
591427
5914555
5915
5916
59162
5917
59176831
5918
5919
592
5920
592017
592018
592019
592020
592021
59205
5920865
5921
59212
592152
5922
592251
5923
592340
5924
592454
592455
592456
5925
5926
5926293
5927
5928
5928570
5929
59291
5929484
5929485
593
5930
593015
5931
59311
593164
5932
59321
5932712
5932932
5933
5934
59343
59346
593480
5935
5936
59361
5937
5937043
593766
5938
5939
593912
593962
593963
593983
593995
594
5940
59401434
5940151
5940152
5941
59411
5942
59426
5943
59430101
5944
5945
59451274
5946
59465
5947
5948
5949
59494560
595
5950
5950519
5950523
5951
59511
595155
5952
5953
5953547
5954
5955
5956
5957
5958
5959
596
5960
5961
5962
59623
5963
5964
59644481
5965
5966
5966691
5967
5968
596868
596875
5969
597
5970
59707
5971
59713525
59716127
5972
59729
5973
5974
5975
59752234
5976
5977
5978
5979
598
5980
5981
5982
5983
5984
5985
5986
5987
5988
59882774
598863
5989
599
5990
5991
5991834
5991991
5992
5993
5994
5994861
5995
5996
5996581
5997
5998
5999
6
60
600
6000
60000
6001
60012983
6002
6003
60034
6004
6005
6006
6007
6008
6009
601
6010
6010579
6010850
6011
601119
60112
60115
60117
60118
6012
60125
6013
6014
60142
6014901
6015
60155
6016
6016098
60164
60165
6017
60175
6018
60184
60189
6018923
6019
60191
6019720
602
6020
6021
60210
60213
60216
6022
6022031
60224
6022445
6022456
6022463
60225
60227
60229
6023
60231
60232
60233
60234
60235
60236
60237
60238
60239
6024
60241
60244
6025
60251
60254
6026
60261
60264
60265
6027
60271
60272
60274
6028
60281
60283
60285
60286
6029
60292
60293
602962
60298
603
6030
6031
6032
6033
6033153
6033156
6034
6035
6036
6037
6038
6039
604
6040
6040119
6041
60416
6042
6043
6044
60447
6045
6046
6046256
6047
60476423
6048
6049
60493
605
6050
6051
6052
6053
6054
6054012
6054119
6054121
6054167
6054170
6055
6055097
6055100
6055165
6056
6057
6058
6059
606
6060
6061
6062
6063
6064
6065
6066
60665
6067
6068
60682
6069
607
6070
6071
6072
6073
6074
6074550
6075
6076
6077
6078
6079
6079915
608
6080
6081
6082
6083
60832
6084
60846955
6085
6086
6087
60872
6088
6089
609
6090
6091
6092
6093
6095
60950
6096
60960140
6097
6098
6098797
6099
61
610
6100
6101
6102
6103
61036
6104
61045
6105
61050
6106
6107
6108
6109
611
6110
6111
61110
61113
61114
61118
61119
6112
61121
61122
61124
61128
6113
6114
6115
61151
61152
611522
6116
6117
61171
61173
61174
61175
61177
6118
61181
61184
6119
612
6120
6120585
61207
6121
61213
61215
61219
6122
61222
61225
6123
61231
61234
6123959
6124
6125
61253
61254
61256
61258
6126
61262
61264
6127
61271
6128
612864
6129
613
6130
61301
6131
61318
61319
6132
61321
6132538
6133
61337
6134
6135
61359
6136
6137
6138
6139
614
6140
61406
6141
61411
614140450
614142385
614145756
614150340
614152854
61419
6142
6143
6144
6145
614518475
614520649
614522223
614524394
614532050
614567247
614569092
614570382
614574940
6146
6146220
61468
6147
6148
6149
6149822
615
6150
6151
6152
61529
6153
6154
6155
6156
6157
6157000
6157697
6158
6158000
6158550
6159
61594
616
6160
61600
6160049
6161
6162
6162007
6163
6164
61646
6165
6166
616613108
616630932
616633349
616640255
616643597
61665
6167
6168
616840352
616852968
616855153
6169
616944654
617
6170
6170839
6171
61715
6171748
6171750
6172
6172345
6173
617320049
617321420
617330993
617333361
617357089
617358811
617361293
617384026
617384905
617388408
6174
6175
61753
6176
6177
61775696
6178
617860967
617872025
617878085
617882781
6179
617944351
617945154
617954442
617956990
617957016
617981279
617990733
618
6180
6180030057
6180034173
6181
6182
618200140
618226954
6182597
6182789
6183
6184
618443082
618445021
618445555
618459245
618466585
618474121
618475575
6185
6186
61865
6187
61874
618741348
6188
618825113
6188802540
6188807403
618891095
6189
618911388
618912016
619
6190
61904
6191
6192
6193
6193975
6194
6195
61956811
6196
6197
6198
61985
6199
62
620
6200
62008
6201
6202
62025700
6203
6203737
6204
62040
6205
6206
6207
6208
6209
621
6210
6211
62111
6212
6213
62135915
621391084
6214
62141057
6215
6216
621687
6217
621786
6218
6219
622
6220
62203890
6220565
6221
62211
622121011200
62213
622178869811
622180645000
622180645033
6222
62225655
6223
6223038
6224
622430499
622433611
622434500
622434699
6225
62250
622516
6226
622615
62264
6227
62271
6227102
62274
6227439206
6227550255
6227550505
6228
6228595
6229
62291
623
6230
62302348
62302351
6231
62313292275
62314
62315
62317
62318921002
62318921003
62319
6232
6233
6234
6235
623526
623527
6236
62361
623612002900
62361771010
623618480555
623618498020
6237
6238
623806
623884
6239
624
6240
6240515
6240518
6241
6242
62428
6243
6244
6245
6246
6247
6248
624832
6249
625
6250
62500
625041
6251
6252
6253
6254
6255
6255914
6255915
6256
6257
6258
6259
625960
625961
626
6260
6260329
6261
626150
6262
62622
6263
626378
6264
6265
6266
6267
6268
6269
627
6270
6271
6272
6273
6274
62749
6275
6276
6277
62778
6278
6279
62790
628
6280
6280528
6281
62811
628111465031
628111703174
628111866580
628112037911
628112688000
628112956511
628113536380
628113625118
6281138203740
628113867789
628116200409
628116802921
628117213901
628117249988
62811729049
628117530685
628118954320
62812
6281227070205
6281230189988
6281234000977
6281252705595
6281261684888
62813
6281310308100
6281316276005
6281325603912
6281344833431
6281353691625
6281354334676
6281359883883
6281369026855
6281371743094
6281382350155
6281394300327
6281398932008
6281548669966
62819
6282
62821
6282117032820
6282118228812
6282137868049
6282139637679
6282144475956
6282144523577
6282167009817
6282177186072
6282244422255
6282261522245
6282311663638
6282321004481
6282328887525
6283
6284
6285
6285245997791
6285263567071
6285292861682
6285293046676
62853
6285323185617
6285342515038
6285691450213
6285712843240
6285783676037
6285817153243
6286
6287
6287062964389
6287867633301
6288
62883
6289
628921
628929
6289629914844
62898332309
628986216033
628998229090
629
6290
6291
6292
6292309
6293
6293952
6294
6295
6296
6297
6298
62986
6299
62997
63
630
6300
6301
6302
6303
6304
6304242
6304244
63043
6304310
6304343
63049
6305
63059585
6306
6307
6308
63085757
6309
631
6310
6310517
6311
63111
63116
6312
631200
63121
63121899
63122
63126879
63128
63129
6313
63131
631322
63133
631372091
63139
631391088
631393
6314
6315
631502
6316
63161
631626
6317
63174
6317828
6318
6319
632
6320
6321
63211
63213
632177
6322
632202
6322442
6322511
6323
63233
632337
6324
63244
6325
6326
632641
6327
63271
6327357
6327376
632751
6328
632897
6329
63294
632971
633
6330
6330028
6330031
6330042
6330158
633068
6331
63311
6332
6332666
6333
6333511
6333738
6333820
6334
6334280
6334284
6334342
6335
633507
6336
63363000
6336789
6337
6338
6339
6339077
6339762
6339837
634
6340
6340393
6341
6341271
6341286919237795840
63413
63414
6341972
6342
634275
634276
6343
6344
6344284
6344286
6345
6345021805618528256
6345676
6346
634655
6346704
6347
6348
6349
635
6350
6351
63514
6352
6352034
6353
635332
63539
6354
6355
6356
635649
635685
635689
6358
6359
636
6361
63610
63617
6362
6363
636308
636331
6364
636400
6365
6367
636724
6368
6369
636907
637
6370431
6371
6372
63723390
63728435
6373
637309
637440
6375
637513
6376
6377
637702
6378
638
6380
6381
638277
6383
63831
6384
63843
63844
63845
63846
63847
63848
63849
6385
63851
638510033
63851134
63853
63854130
638546
63855
63857
63857023
63857352
63859
6386
63861
63861705
63861722
63861909
63861910
63861927
63862041
63863
63864472
63864474
63864476
63864568
63864569
63864570
63864571
63865
63867
63869
6387
63871
63874
63877
63879
6388
63881
63883
63885
63887
63888
6389
63891
63893
63895
63896
63898
639
6390
63901
639175
6392
6393
6394
6394300
6395
6396
6397
6398
6399
64
640
6400
64000
6401
64016
6402
6403
6404
6405
6406
6407
64076
6408
6409
641
6410
6410783
6410785
6411
641114
64112
6411621
6411622
6412
64121
64122
64125
64129
6413
6414
6415378
641562
6416
6417
6418
64187
6419
642
6420
642051
6421
64213
6422
6423
6423643
6424
6425
6426
642645
642646
6427
6428
6429
643
6430
6431
6431194
643151
643154
6432
64322
6433
6434
6435
643542
6436
6437
6438
6439
644
6440
6440926
6441
64411
6442
64420
6443
6444
6445
6446
6446323
6447
6448
64487
6449
645
6450
6451
6452
6453
6454
6455
6456
6457
6458
6459
646
6460
646077
646093
6461
6462
64622
646227
64628
6463
64637
6464
6465
6466
6467
6468
6469
647
6470
6471
64714956
64715835
6472
6473
6473307
6475
6476
6477
647753
6478
648
6480
6482348
6483
6484560
6485
6486
64872
648766
64882
6489
649
6490
6493
6494
6495
6496
6497
6498
6499
65
650
6500
65000
6500318
6501
65010
6502
6502749
6502771
65027777
6503
6503386
6503537
6504
650488
6505
6506
6507
6509
6509216
651
6511
65118
65119
6512
65122
65123
65124
65125
65126
6513
6514
65141
65142
65144
65146
65147
65149
6515
65151
65153
65154
6516
65163
65164
6517
6517386
65175
6519
65194
652
6520
6520061
6520125
6520924
6521
65215
6522
6523
6523951
6524
6525
6526
6527
6528
652868
652869
652870
6529
653
6530
6531
65314
6532
6533
6534
6535
6536
6537
6538
6539
654
6540
654003
65409
6541
6541514
6541961
6542
6543
654321
6544
6545
6546
6547
6548
6549
655
6550
6550234477
6551
6552
6553
65535
6554
6555
6556
6556415
65569
6557
6558
6559
656
6560
6561
6562
6563
6564
6565
6566
6567
6567451946
6568
6568381545
6569
657
6570
6571
6572
6572963
6572972
6573
6573008
6574
6575
6576
65765
6577
6577957
6577958
6578
6579
658
6580
6580292
6581
65816
6582
6583
65831246
65834855
65837804
6584
6585
6586
65867707
6587
6588
6589
659
6590
659043102520215
65909
6591
65919
6592
6593
6593337
6594
6595
6596
6596848
65969909
65969928
6597
6597195
6598
6599
66
660
6600
66000
660000
6600742
6601
6602
6603
6605
6606
6607
6608
66080
661
6610
661082
6611
66112
6611383
66117
6612
6612006
66121
6613
66133
6614
6615
6616
6617
6617797
6618
66184
6618438
661996
662
6620
6620955
6621
662124
6621450
66218
6622
66224
662258
6625
6626
6626111
6626174
6626225
662633
6627
6627577
6627920
6628
6628076
6629
662930
66296
663
66312
66313
663175
663177
6632
6633
663319
663326
663359
66337
6634
6636
6636812
6637
6638111
6639
664
6640
6641
6641149
6642
66428
664295
6643
6644
6644110
6645
66458207
6646
6647
6648
664830
6649
664903
664905
665
6650
6651
6652
6653
6654
6654019
6655
6655718
66558
6656
66565
6657132
6657133
6657134
6658
6659
6659192
666
6660
66618
6663
6664
6665
6666
6666298
6667
66674179
66674180
66674701
66675264
66675274
66675358
6668
6669
666909
667
6670
6670803
6671
6672
6673
6674
6676
6678
6679
668
6680
6681
6682
6682335
6682336
6682338
6683
6683309
6683310
6684
6685
6686
6687
6688
6689
669
6690
669031
6691
6692
6693
6694
669404
6695
66951636451
6696
6697
6698
6699
67
670
6700
67000
6700205
6700206
6701
6702
6702757
6703
670329
6704
670454
6705
6706
6707
6708
6709
6709490
671
6710
6710735
6710782
671095
6711
67115
67117
6712
67123
671260
6713
67135
6714
671469
6715
6715076
67155
67156
67157
6716
6716235
67164
67165
6717678
6717897
6718
671846
671850
6719
672
6720
67201
67211
672125
67214
67218
6722
67223
6723
6724
672416
67248
6725
672577
6726
6727683
6728
6729
673
6730340
67316
6732
6732874
6733
6734
6735
6736
6737
6738
6738657
6739
674
6740
6741
6741630
6742
67427
6743
6744
6745
6745432
6746
6746838
6747
6748
6749
6749021
675
6750
6751
6752
6753
6754
6755
6756
6757
6758
6759
676
6760
6761
6762
6763
67637
67639
6764
676427
67649
6765
6766
676633
6767
6768
6769
677
6770
6771
6772
67723
6773
6774
6775
6776
6777
6778
6779
678
6780
6781
6782
67823650
6783
6784
6785
6786
6787
6788
67888
6789
679
6790
6791
67915
6792
6793
6794
6795
679550
679553
6796
6797
6798
6799
679992675
6799927
68
680
6800
68000
6801
6802
6803
6804
6805
6806
68067
6807
6808
6809
6809315
6809393
681
6810
6811
68111
68118
6812
68121
68122
681260
6813
68131
68133
6814
6815
68152
68155
6816
6817
68175
6818
6819
682
6820
6821
68211
68217
6822
6823
6824
6825
6826
6827
6828
682831
6829
683
6830
6831
68312
6832
68322
6833
6834
6835
68351
6836
6837
6838
6839
684
6840
6841
68414
68416
68419
6842
6843
6844
6845
68455
6846
684608
68462
6847
6848
684844
68486
6849
685
6850
6851
6852
6853
6854
6855
6856
6857
6858
6859
686
6860
6861
6862
6863
6864
6865
6866
6867
686767
6868
6869
687
6870
68708
68709
6871
6871177
6872
6873
6873163072
6874
6875
6876
6877
6878
6879
68798
688
6880
6881
6882
6883
6884
6885
6886
6887
6888
68888
6889
689
6890
6891
6892
6893
6894
6895
6896
6897
6898
6899
69
690
6900
6901
6902
6902031
6902611
6902619
6903
690330
6904
6904060
6905
6906
6906950
6907
6908
6909
691
6910
6910270
6911
69111
691119
69112
69113
69115
6912
691224
691288
6913
691333
6913919
6914
6915
69156
691571
6916
691604
691661
6917
6918
6919
692
6920
6921
6921238
69213
69216
6922
6923
6923135
6923137
6923955
6924
6925
6926
6927
692777
6928
692888
6928888
6929
692900
693
6930
6931
69316
69319
6932
69321
6933
6934
693444
6935
6936
6937
693713
6938
6939
694
6940
6941
69417
6942
6943
6944
6945
6946
6947
6948
6949
694913
695
6950
6951
6952
6953
6954
6955
6956
6957
6958
6959
696
6960
6961
6962
6963
6964
6965
6966
6967
6968
6969
697
6970
6971
6972
6973
69730
6974
6975
6976
6977
6978
698
6980
6981
69811
6982
6983
6984
6985
6986
6987
6988
6989
699
6990
6991
6992
6993
6995
6996
6998
6999
7
70
700
7000
70000
700008
70007
7001
7001498
7002
7002241
7002885
7003
7004
7005
7006
7006357
7006358
7006359
7007
7008
7008710
7009
701
7010
7011
70111
70112
70115
70116
70119
7012
70122
70123
7013
7014
701455
7015
7016
7017
7018
70187
7019
702
7020
7021
70210
7021110
7022
702233
7023
70232
70234
70235
70236
70237
70238
70239
7024
7025
7026
702650
7027
7028
7029
703
7030
70305
7031
703155921094
7032
7033
7034
7035
7036
7037
7038
7039
704
7040
70406
7040660
7041
704110
7042
7043
7044
7045
7046
704662
7047
7048
7049
705
7050
7051
70511
7052
7052374
7053
7054
7055
7056
7058
70582
7059
705945
706
7060
7061
70611
70613
7062
7063
7064
7065
70652
70654
7066
70666
7067
7068
7069
707
7070
7071
70711
70714
7072
70721
70724
7073
7073365
7074
7075
7076
7077
7077345
70777
70778
70779
7078
7079
707981
708
7080
7081
7081041
70814
7082
70822
7083
7084
7085
70853
7086
7087
7088
7089
70898
709
7090
7091
7093
7094
7095
7096
7097
7098
7099
71
710
7100
7100000316
7100000325
7101
7102
7103
7103177
7104
7105
7106
710611
7106222
7107
7108
71081
7108725
7109
711
7110
7111
71111
71112
711143
71117
71118
71119
7112
7112141
7113
711361529
7114
7115
7116
7119
712
7120
712020
7121
712100
71211
712111
7122163
712222
7123
7124
712458
7125
712510
712534
7126
712628
7127
7128
71297725
713
713091
71313
71315
7132
7133
7134
7135
7135457
7136
713604
7137
7139
713988
714
7140
7140207
7141
7142
7143
714374
7145
7146
7147
7148
7149
715
7150
7151
71519
7152
7153
7154
7155
7156
7157
71571
715760
7158
7159
7159959
716
7160
71619
7162
7163
7164
716491
7165
7166
7167
7168
7169
717
717092
7171
717114236486
7172
7173
7174
717440
7175
7176
71771
7178
7179
7179096
71793227
718
7180
718014
7181
7182
7183
7184
7185
7186
7187
7188
7189
719
7190
7191
71916868
7192
719256588
7193
7194
7195
7196
7197
71972
7198602
7198728
7198730
72
720
7200
7200010
720093
7201
7201194
720160
720162
7202
7202210
7203
7203563
7204
7205
72054
7205453
720560
7206
7207
7207460
7208
7208493
7209
7209542
7209975
7209977
7209980
721
7210
7210391
7210441
7211
72111
72117
721192
7212
721203
72123
7213
7214
7215
72151
7216
7216924
7217
72176
7218
7219
722
7220
7220292
7221
72211
7222
7222006
7223
7223029
722387
7224
7225
7226
7226444
7227
72271
722744
7228
72283
7229
723
7231
7231061
7231422
7231756
7232
7233
7234
7235
72352347
7236
723644
7238
7239
724
7240
7241
7242
7243
7243812
7244
7245
7245038
7246
7248
7248541
7249
724977
724978
725
7250
72500
7250808
7251
7251020
7251244
7251373
7252
7253
7254
7256
72561
7257
7258
7259
726
7260
7261
7262
7263
726369
7264
7264365
7265
7265090
7266
7267
7267267
72677
7268
7269
727
7270
7271
72713
7271413
7272
7273
7273930
7274
7275
727566
7277
7278
72780653
72780654
72782380
7279
728
7280
72801766
7281
7283357
7286316
7288
7289
728945
729
7290
7291
7292
7293
7294
7295
7296
7297
7298
7299
72993
73
730
7300
730016
7300217
730084
7301
7301222
7301634
7301947
7302
7302511
7303
7303675
7304
7305
7305133
7305731
7306
7306688
7307
7308
730898
7309
731
7310
7310644
7311
7311012
73111
73112
731156
7311654
73118
731189
7311901
7311936
7312
7312073
731224
7312248
7312298
7312988
7313
7313104
7314
7315
7316
731614
7317
731718
7317700
7317701
7318
7318160
7319
732
7320
732023
7321
7321333
732148
7321503
7321613
732181
7322
732287
7323457
7323994
7324
732447
7325050
73258
7326
732602
732788
7328
732831
732832
732837
7329
7329631
7329633
733
7330
733083
7331
733134
7331464
7332
7333
7333111
7334
733427
7335
7335581
7335756
7335776
733580
7336
7337
7338
7339
733937
734
7340
7341
7341181
7341182
7342
7342616
7343
734351
7343810
7344
734458
734462
7345
7345405
7346
7347
734713
734882
7349
7349644
734970
735
7350
735038
7351
73513
73514
7351436
7351460
73518273
7352
73521
7353
7354
7354422
7355
735500
7355032
735580
73561
735660
7357
7358
735860
736
7361
73611
736163
7362
7362021
7362022
7362041
736264
7363484
7364
736401
7365
7366
73665155
7366811
7367
736723
736745
7368
7369
737
7370
737082
737083
7371
7371018
73711
7372
7373
7374
7375158
7375160
7376
7377
7378
7379
738
7380
7381
73812
7382
738282
7383
7384
7385
7386
7387
7388
738817
7389
738989
739
7390
7391
7392
7392801
7393
7394
73949
7395
7395000
7395287
739563
7396
7396168
7397
7399
74
740
7400
74000
74002
7401
7401051
740163
7401868
7402
7403
7404
7405
7406
7407
741
74100
7411
74111
7411121
74112
74114
7414
7415350
7415380
741569
7415997
7416
7416098
741615
74162
741639
7417
74172
7418
741802
741803
74181
7418900
741891
741899
742
7420
74211
742180
742198
7422
7423
7424
7427
743
7430
7430698
7431199
74312
74313
74321
74322
7432321
7433052
74332
7434
7435
7436
7437
7438
74381
743810
743908
743922
74393
744
7440
74412
7441236
7441557
7443
7444
7447
7448489
7448880
7449
74493
745
745148
745149
7455
7456
7457
7459
746
7460
7460130
7461
7462642
74626863
7463
7464
7464268
7465
74659
7466
7468
746827
7469
747
7470
74702349
7473
7474
7474858
7475
7475049
7475429
7475434
7476
7477
74776699
7478
74781
7479
747908
748
7480
7480272
7481
748129
748147
7482
7482290
7482291
7482292
748362
7484
748572
74861
7486117
7487
74874
7488
749
7490
7491
749147
7492
74945
7495
7496789
7497
7498
7498709
7499
749991
75
750
7500
75000
7500522
7500830
7501
7502
7502240
7503
7504
7505
7505383
750570
7506
7506529
7506816
7506817
7506885
7506904
7507
7508
7508184
75088911
7509
751
7510
7511
75112
75115
75117
75119
75122
75123
7512361
75124
75125
75126
75127
75131
751329
75135
751361
7515
7516
7517102
751908
752
7520
7521
7522997
7523
75242
75243
7526
75261
7527
7528
7528393842912928059
7529
75290
75292
753
75311
75313
75325
75331
7534
7535
7535219
753580
753746
75382
75391
754
7540
7540818
7540897
7540898
75409
7541
7542
7543
7543594
754479
7545066
7545756
75477
7548
7549
755
7550022
7550023
7550024
7551
75512
75513
7551842
7551933
7553
75531
75532
75533
7554
7555
7556
75566
75572
7558
7559
755915
755917
755918
75594
75597
75598
756
75611
756184
7562
7563
75632
7564032
7564623
7565
7565434
7567
75673343
75683
75685078
7569
757
7570016
7570922
757196
7573
7575
75776
757818
758
7580754
7582
758287
75830
7584323
7585
7586
75874992
7587977733143979708
7588
7589
759
75914840
75914888
75918327
7592072
7593
75930431
75930434
7594
75944446
7596
7597
7598
76
760
7600
76000
7604
760528
7605284
7606
7607
7607562
7608
7609
7609486
7609707
761
7610
76111
76113
76114
76115
76117
761184
761185
761186
761195
7612
76121
76122
76124
76125
76126065
76127
7613
76131
76132
76136
7613648
7613649
76142
76144
76147
761505
7616
7617
7617150
762
7621
76211
7622
7625
76251
7625180
7625182
7626
7627
7627596
76281
76285
7629192
763
763018
763078
7631
76312831
763164
7633
7634
7635
7637
763766
7638
763885
7639
763963
764
7640
76401131
7641
7642
76421666
76422
7643
7644
76441766
7645
7646
7648
765
7650
7650620
7651
7652
7653
7654
7654108
7654109
765411
7655
7657
7658
7659
765976
765977
766
7660
7661
766203
7663
76632274
7664
76655
7666
7667
7668
7668351011912345
766854
767
7671
7671496
7671497
7672
76729042
7673
7674
7675
767561
7676
76767686
7677
7678
7679
768
7681
7684
768402
7685
768531
768533
768599
7686
7687
7688
7689
769
7690
76902099
7690499
7691
76914353
7692
7692214
7693
7695
7696
7699090
7699096
7699098
77
770
7700
7700677
7700765
7701
7701673
770197
7702
7704
7704092
7705
7706
7707
7708
7709
771
7710
771010
771069
7711
771102
77111
77113
771139
7712
771210
77122
77126
7713
771327
7714
771404
7714588
7715
771510
771535
7716
77164292
771662
7717
771791
7718
77182
7719
771906
772
7720
77201222
772020
77202332
77202552
77202662
77207404
7721
77211225
77211438
77212
77212255
77212525
77214
77214567
772168
7721841
77218430
7722
7724
772486
7725
7727
7728
772984
773
7730
773000
773011
7731
77311
77312
77315
7732
773267
7733
7734
77352
7739
774
7740
7740294
77411
774156
774480
7745
774783
7748
77482
7749
774935
775
7750
7751
775192
7753
77546
7755
77554
7756733
77573
7758
7759
776
7760
77603506
7761
7763
776602
77663
7767
7768
777
7770
7771
7772
7773
7774
7775
7775657
777581
7776
777678
7777
7778
777892
7779
778
7780
7781
77816
7782
77822980
7783
77831
77833558
7784
7785
778555
7786
7787
7788
77887855
7789
779
7790
7790626
7791
7791378
779239
7793
77933
77943
77944
7795
7797
7797609
7798
7799
78
780
7800
7801
7801875
7802
7803
7803630
7804
7804036
7804116
7804190
7805
7805814
7806
7806056
7806131
7806305
7806482
7807
7808
7808294
7809
780911
781
7810
7810137
7810172
7810298
7811
781111
78113
78115
78116
78117
7812
78121
78122
78124
7812722
7813
7813502
78137
7814
7815
781588
7816
7816480
7816482
7816485
7817
7818
782
7821
7822
7822473
7823
78233
78234
78235
7824
78243
78244
7825
782567
7826
7826738
7827
7828
783
7830
7832
783215
7832602
7833
7834
7835
78357
783694
7838
78383
78384
78391
7839132
7839214
784
7840
7841
7842
78427
7843
7846902
7847
7848
7849
785
78509
78515
7851568
7852
78520718
7853
7856
7858
78582
7859
786
7860
78611
78612
78613
78622
7863
7865
7866
7867
78672
7868
7869
787
7870897
7870997
7871
78711
7872611
7873
787302
7873678
7874
7875
7875076
7876278
7877
788
7881
78811
7882
7882027
7883
7883494
78844936
78849149
78849151
78851
78861
78869811
7888
78884611
789
7890
78900
7890207
7890208
7891
7891193
78912
7891224
7891234
7891739
7892
7893
7894
7894216
7895
7896
7897
7898
7899
79
790
7900
7901
7902
7903
7904
7904709445857832304
7905
7906
7907
7908
7909
791
7910
79106
7911
79111
79118950
7912
79121
79123
791230
791234
791270
7913
7914717
7915
7915673
7916
79162
7917
7917346
7917500
79175000
7918
79181180
79187100
7919
79190567
79194075
79195795
79195796
79196026
79196027
7919950
79199950
79199980
792
7920
7921
7922
7923
7925
7925365
7926
79262895
7927
79271
7928
7929
793
7930
7931
7932
7934
7936
7938
7939
794
7940
7940984
7942373
7942653
7943222
7944
7946
7947
794720
794796
7948
7949
7949770
795
79501
795025
7951
7951849
7952
7953
79535
7955
7955780
7956
7956864
7956867
79597
796
7960
7961
7961382
7962
7963
7964
796703
7968
797
7970
7970399
7971
7971245
7971747
7972
79749989
7975
7976
7977
7979
798
7980
7980011
7980238
7980244
79806
7980625
7980655
7981352
7981412
7982
7982041
7982067
7982171
7983666
7984
7985
7986
7987
7988
7988266
79883700
7988700
7988701
7989
7989000
7989111
7989239
7989837
799
799052
7990720
7991
799107
79935669
7996
799673
79973730
7998
799861
7999
799987792
8
80
800
8000
80000
8001
80026
8003
80030
8004
8005
8006
8007
8008
801
80112
80113
8011324
80114
80116
80117
80118
80119
8014
8015
801500
80169
8017090
801834
802
8020
8021
802162
80222
80223
80225
80226
80227
80228
80231
80232
80233
80234
80235
80236
80237
80239
8024
8026
80265
8028
802838
8029
803
803003
803004
8032
8033
8034
8035
80351
80361
80362
80363
8037
804
8040
8041
8042
8043
8044
8045
8046
8047
80470292
8048
80488965
805
8050
8051
80510091
80511
80517
8052895
8053
8054
8056
80571
8058
80581
80582
805888
8059
806
80600
806016100
80613
80621900
80635
8064
80645000
80645001
80645033
80645161
8066
80666000
80667667
80667668
8067
8068
806813
806849
8069
80695953
807
8070
8071
80711
8072
8073
8074
8076
807684
8077
8078
8079
808
8080
808080
8081
80813
8082
80822286
8082603
8083
8084
8084404
8085
808572390251607
8086
80862500
8087
80873272
80873279
808737
8088
80882204
8089
80899274
809
8090
80900
8091693
8092
8093105
8093276
8094
8094140
8096
8097922
8098
81
810
8100
8101
8103
810414
8105
810649632186
8107
8108
81080
8109
811
8110
81101
8111
81113
811157
81116
811176
8111799
81118
811193072202
8112
8113
8114
8114011
811419
8115
81155
8116
8116171537
8116171590
8116171648
8116171673
8116171713
8116171714
8116171744
8117
8118
81180
81181
8118437734
8119
811935043
812
8120
8120010060792
8120104902682
8122
8122700546
8123
81233583
8124
81240872848
8125
81260642108
81260709638
81262307516
812628
81263039612
8126433691
8126463628
81265190001
81267375487
81269359879
81269932823
8127
81281068805
81295734714
813
8130
8131
81311384811
81318153613
8132
8133
81338
813429
81344901652
813457
813459
8135
81360241905
81360392855
81362530838
81362984295
81380486507
8139
814
8141
8142
814320
814352
8144
814450
814561
8146
8148
814842
8149
815
8150
8152
8155
815502
8156
8157
8158
816
81610
8162
8163
8164
8165
8166
8167
8168
81684
8169
8169263
817
8171871
8173
8174
8176
8177
8178
817818
818
8180
8180350
8181
8182
8182360
8183
8184
8185
8186
8186743
8187
8188
8189
819
8190
8190072
8190339
819044
8190826
8192
819248
8192508
8192802
8192808
8193
8193024
8194
819466
8194807
8195
8196
8197
8197464
8198
8199
82
820
8200
82004505
8201
8202
820289402
8203
8204
8204722
8205
8205238
8205324
8205327
8206
8206222
82064478
82068
82069
8207
8207006
8209
821
8210
821015
8211
82113
82114
82115
821216
82123
821249
8213
8213151
8213466
8214460
8215
8216
82160052439
8216100
82161233241
82161235195
821642
82165196198
82167887078
8217
8218
82180214
82187420273
8219
821944
822
8220467
8220471
8220915
8221
82217
82217594194
8222
8223
822314
822315
82235409
8224
8224324
82247180071
8225
822569
8225747
8226
82260501946
8227
822719520
82272948663
82274357181
8227437
82277425684
82277610794
8228
8229
82294642423
823
8230
8231
8232
82320
8233
8234
8235
823549
8237
82370
8238
82380
8239
823961
824
8240999
8241
824137
824138
82414090
824159
82417306
82417386
82418017
8241945
8242
824200
824216
8243212
82436008
82436521
82437780
824462
8245
8246
8247
82480713
82483778
8249
82491760
82491761
825
82500
8251
82512699
8252
82526432
8253
8254
82542
8255
82560100
8257
8257349
825753
825796
8258
826
8260
82602181
82604010
8261
8262
826255
82628163
8265
8266
82671683
8268
8269
82699264
827
8270
8272
827223
827270
8273
82741526
8274548
8275
827542
8276
827646133
8277
82776
8278
82789
8279
8279485
828
8280
8282
8284
8285
8286
8286930
8288
82881
829
8290423
8290827
8291196
8291785
8292
8292567
8293276
8294
8294748
8297
8297466
82978
8298
8299
83
830
8300
83000
8301
8302
8303
8303399
8303495
8304
8304580
8305
8306
8307
8307578
8308
8309
830944
831
8310
8311
831132
83114
83115
83116
8312
83121
83123
83124
83127
8313
8314
831450
83146
8315248
8316
831604
831605
8317
831700
831702
83176151465
8318070
8318771
8319
8319030
832
8320
8321
8321525
8322
8322224
8322454
8323
8323046
83232
83236
8323822
8323843
83239
8324
83240
8325
83255
832567
8326
8327
832789
8328
8329
8329055
83293
832972
833
833086
8330974
8331
8331101
8332
8332074
83323
8333
83346
8335
83355
8335905
8336
83361
83363
83364
8336668
8337
8337408
8337558
8338
8339
834
8340
8340285
8341
8342
83423257
8343
8344
8345
8346
8347865
835
8350
8350387
8350389
8351
83511
8352
8353110
8354
8354802
8355
835566
8356
8356548
83572
83573
835736883
8358
8359
83596
836
8360
8361
83612
83620
8363
8363473
8364
8365
8367472586195468288
836794
8368
8369
8369999
837
8370
8370636
83707800
8371
8371118
83717453
8372
8373
8374
8375
8376
8377
8378
83781166
83782491
83785432
83785961
83787760
83789152
8379
83792599
83793426
83793427
83796543
838
8380
8381
8382
838278
8383
8384
8385
8385660
8385661
838576633742364
8387
8387828
8388
8388485
8389
839
8390
8390637
8391
83913
8392
83923
839274540456987
8393
8393413
8394
8395
8396
839698
8397
8398
8399
83990
84
840
8400
8401
8401218
8402
8402324
8402523
8403
840362
8403988
8404
8404090
8404533
8405
840555
840567
8406
8406487
8406572
8407
8408
8408478
8409
8409009
8409012
841
8410
8411
84115
8411511
8411512
84116
84118
8412
8413
8413744
8414
8414119
8414215
8414644
8414766
8415
8415269
8415803
8416
8417
8417004
8417287
84173
8417890
8418
84182
8418989
8419
8419377
842
8420
8420450
8421
84210
84213
8422
84220
8423
8424
8425
8426
8427
842786
8428
8429
843
8430
84300687
8430313
84305458
84305459
84305460
84305461
8431
8431151
84312
84313
84316
84318
8432
8432344
8433
8434
8435
84351
84352
8436
8437
8438
8438522
8438866
8438946
8439372
8439473
844
8441
8441110
8441132
8442
84439
8445
84455
84457
8446
84461
8447
8447100
8448
8448753
8449504
8449505
845
8450
8452
8452104
8452244
8452268
8453100
8453321
8454062
84545407654
8454640
8454728
8455
8455177
8456
8457
84574
8458
8458601
8459
846
8460
8460675
8461
8461980
8462
8463
8464
8465
846515
8466
8466130
8466150
8467
8468
84689
8469
8469896
8469897
847
8470
847094
8471
8472
8473
8473403
8473530
8474
8474400
8474477
8474529
8474625
8475
8475884
8476
8477
8478
8479
8479785
848
8480
8480327
8480555
8481
84813
84823
8483
8484
84842
8485
84855
84857
8486
84861
84863
8486622
84869
8487
84870
8487210
8488
8489
848981
849
8490
84902387
8491
8492
8492888
8493
84938
8494
8495
8495487
8496
8498
84988125
8498830
8498833
8499
849909
85
850
8500
85000
8500493
850075
8501
8502
8503
8504
8505
8505030
8505035
8506
8506208
8506319
850650
8507
8507050
850761
850767
850770
850809
850835
8508506
8508510
8509
851
8510
8510777
851088
8511
85111
851117047171
85112
85117
85119
8512
8512460
8512461
8513
851308
8514
851451
85148
851480
851488
8515
8515124
8516
8517
8518
8519
8519721
852
8520
852023
8520808
8521
852130
852138
85215976381
8522
85228
852430
8524719
8525
852518
8525511
85258785212
8526
85260381010
85262676971
8527
8528
85288
8529
852966
853
8530
8531
853136
853161
8532
8533
8535
8535535
85359155919
85359444690
8536
85361
85361802812
85361960039
85362192483
85362310566
85362323470
85362477897
85362573283
85362573284
85362573285
85362774169
85362866025
85362866026
85362866027
85362866028
85362866029
8536774
85369
8536994
85373794633
85373794644
85373794665
85373794667
85373794770
85373794773
8538
8539
853931
853935
854
8540
8541
8542
8542096
8543
854363
8544
8544433
8544996
8545
854522
8546
854611
8547
8548
8549
855
8550
85501864
85508709
8551
85511
85519
8552
85527
8553
8553595
8553811
8554
8555
8555133
8556
8556411
8557
855718583676
8558
855802
85583920
8559
85599368094
856
8560
8560694
8561
85613
8562
856279
8563
85636
8564
8565
8566
8567
8568
8569
857
8570
8570973
8571
85711
8571953
8572
8572254
857287
8573
857366
8574
8577
8578
8579
858
8580
8580111
8581
85813
8581824
8582
85829
8583369
8584
85842
8585175
8586290
8586291
85869
8588
85880430
8589
859
8590
85901177
85901332
85901568
85904146
85905570
85908862
85909003
8591
859171
859176
859178
85917920
85917921
85917922
8592
859224
8593
859316
8594
8595
8598
8599
86
860
8600
86000
86000138
8601
8602
8603
8604
86042974
8605
860523
860524
860526
8605603
860585
8606
860686
8607
860772
8608
860804
860805
860809
860810
860867
8609
8609901
8609902
861
8610
8610195
8610259
8611
8611065
86111
86113
8611436
86116
861245
8612527
8612844
8613
86143
8615
8615154
8615171
8615556
861571
8616
8617
861759
8617714
8618
861878
8619
8619198
862
8620
862124
8622
86232
8624244
862498
8626
8627
8628
862992
863
8630
8630349
8630416
863117
86316
86318
86319
8632
8633
8633849
8634
8636
86361
86364
8636444
86368
8637
8637597
8638
8639
864
8640
864000
86400025
864012
86405280
86405425
8641
86411
86414
8642
8642058
8643
8644
8645
8646
8647
8647273
8648
8649
865
8650
8651
8652
8653
8654
8654444
86547
8655
86554
8655743
8656
8656662
8657
8658
8659
866
8660
8660765
8661
86614321
86616620
86616763
866197
8662
866272
8663
8664
8665
866545
8666
8666110
8667
8667929
8668
8669
867
8670
8671
867163
8672
8673
8674
8674010
8674018
8675
86754
8676
86763
8677
8678
867843
8679
868
8680
8680232
8681
868122
86814571
8682
8683
8684
868409
8685
8686
86861942
8687
8688
869
8690
86910
86915
8692
8693
869454
8695
8696
8697263
8698
869944
87
870
8700
87000
870199
8702
8703
8703066
8703273
8703330
8706
8707
8707601
8708
870805
8708764
8709
8709962
871
8710116
871078
8711
87113
871149
87116
8715
871641
871661
8717
872
87200
8721059
8723
8724
872425
872426
8725
87254
8726
8727
8728
8729
873
8731
87318168
87318425
8733
8734
87340030
87355803
8736
873789
8738
8739
873901
874
8741477
8743
87436
8744
8745
8746
8747
8748
875
8751
8752
8753042
8753043
8753382
8754
8756310
8756311
875724
875822
8758762
875927
875940
876
8761
8762
8763
87654321
876623
876830
87698
877
877027
87704448
8771
8772
87722094
87722808
87732899
87740180
87740373
87740990
87742249
8777
87770227
8778
87783619
8779
87792734
878
8780
87800
8782
8783
8785
8787
8788
8789
879
8790
8791
87914126
87914400
8794
8797
87974371
8799
88
880
8800
88000
88002
8800385
8800967
8801
8801990
8802
8802459
8803478
8803813
8804
8805
8806
8808537
8809
8809728
881
881038
881066
8811
8812
8812260
881230
881431
8815
881549
881556
8816
881668
881761
881762
881777
8819
881979
8819809
882
8820
8821
8821059
8821111
8821543
8821668
882402
882432
8825
882575
8826932
8828848
8829
8829039
8829462
883
8830
8830290
883033
8832
88322566
88323971
88323972
8833
88334048
8833577
8833710
8834
88347001005304
8835
88352353
88355842
88355949
8836
88362626
88364016
8837
8838
88383639
883843
8839
884
8840
88404850
88407
8841
88420
8845520
8846
8847
8848
8848030
8848550
8849
885
8850
8851
88512
885145
8851825
885184
8852057
8852144
885220
8855
8856
88588
8859
886
8860
8860743
8860744
8861
8862
886304
8864
8865
8867
8869
887
8870
8871
88718
8872
88729
8873
8876
887710
8879
888
8880
88807608
8881
8884
8885
88850601
88850603
8886
88866052
88866053
8887
88879888
8888
88888
8889
888918
888990
889
8890
8891
8892681
8893
8893167
88942165
8894728
8895
88950
88954329
88954378
8896
88961
88969549
8898
8899
8899466
88۱
89
890
8900
89000
8900328630
8900678
89007
8901419
8901427
8901445
8902
8904
8904341
8904343
8905241
8906
8907
89074565
8908
891
8910
89102992
891044
8910444
89105106
89105108
89105110
89106753
891078
8911
89115167
8911565
891195
8912156
8912160
8914
89141051
891421
891467
8915
891566
8916
891604
891760
8917999999999893
8918599
892
8920
8921573
8922
8923
8924
892400
892500
89257
892600
8927
8928
8929
893
8930
8931
8932
893278
8933
8935
8936
8937
893787
8939
893961
894
8940
8941
8942
8945
89454997
89458161
89458473
89467983
8947
8947116
8947911
8948
895
8950
8950098
8951
8952
8953
8953670
8954
8956674
8957365
8957537
8957801
8958
8958239
8958328
8958332
8958915
8959
896
8960
8960433
8960801
8961031
8962
8963
8964
8965
8966
8968
8968736
8969
8969544
897
8970643
8972
8973560
8975
8977
8978
898
8980
8981
89811
8983
8984
89840904
8985
8987
8988
8988813
8989
899
8990
89903056
89903180
89906282
8991
89914560
89916857
8992
8994
89948
8998
89985
8999
89995
9
90
900
9000
90000
90001
9001
9002
9003
9004
9005
9005522
9007
901
9010
9011
90111
90113
90117
9012
90122
90123
90125
9013
901304
90132
90134
90135
9014
90142
90144
90155
9017
90173
90174
9019
902
9020
90212
90213
90215
9022
90221
90222
90224
90231
90233
90234
9023512
90241
90242
90243
90245
9027046
9028
903
9030
9033
9034
9034574
9036
9037
9038348
9039
904
90413
90421
9043
9044
9047
90473
90492
905
90511
90512
90516
90551
90552
9056
9058
9059
906
9060
9061
90611
90614
9062
9063
9063934
9064
9065
90651
9067
9068
9069
9069993
907
9070
9071
90711
9072323
9073
9074
9075
907500
9076
9078
9078025
908
9080
9080639
9080731
9080997
9081
90812
9082
9083
9084
9085
9086
9087
9088
9089
909
9090
9091
90914
9092
9094481
9095
90955
9097
9098
9099
91
910
9100
9101
91029
9104
91043
91049
91062
9107616
9107792
9107819
9109
911
9110
91108
9111
91111
91114
9112
91122
9118
912
9120
9120205531975
9121
91212
9122
9123
912326
912333
9124
9125
91260
9127
9129
913
9130
9131
91311
91313
9132
9133
9134
9135
91352
9136
91362
9137
9138
9139
914
9140
9141
91411
914138
91418
9142
9143
9144
9145
91471
9149
915
9150
9150098379227979243
915066
9151
91511
91512
9153
91541
9155
9156
9157
9158
9159
91591
916
9160
91611
91617
91618
9163
91635
9165
9167
9169
91694
917
9171
91713
9172
9175
9176
91764
9177
9177979
9178
918
9180
9181
9182
91821
9183
91831
91843
91848
91849
9185
9186
918855
919
91921
91922
9193
9194
9195
9196
91961
9197
9198
91981
9199
91994
92
920
9200
92000
9201
92011
9202
9203
92033
9204
9205
92054
92078
9208
9209
921
9210
92102
9211
92111
921111228
92114
9212
9213
9214
921475
92151
9217
92172
9218
92186
9219
922
9221
92212
922171
922172
9222089
92221
92223
9223
9224
9225
9226
9227
922708
922887
9229
923
9230
9231
923107
9232
9233
92333
9234
9235
9237
9238
9239
92397
924
9240
9241
92412
92418
9242
9243
92433
9244
9245
92451
9246
9247
9248
9249
925
9250
9251
92511
9252
9253
9254
92553
9256
9257
9258
9259
926
9260
92609
9261
92611
92619
9263
9264
9266
9267
9269
927
9271
9272
92732
92734
9275
92754
9277
92772
9278
9279497
928
9281
92812
9282
9283
9284
9285
9286
9288
929
9291
9291000
92911
9293
9295
9296
9297
9298
92984
9299
93
930
9300
9301
9302
93026
9303
93030
9304
9304202
9304534
9306
9307
9308
9309
931
9310
931084026
9311
93111
9311108119106823
93115
93116
93117
9312
93121
93122
93123
9313
9314
93140
9317
9318
931826
932
9321
9322
9323
93231
9324
9325
9326
93296
933
9330
9331761
9332
9333
93332
9334
9335
9336
93363418
9337
93370
93372
9338
9339
934
9340
9341
93415
9342
9343
93433
9345
93460
9346732
93473
9348
9349
935
9350
9351
9351011
93511
93516
9352
9353
9353000
9354
9355
93553
9356
93561
9357
9358
9359
936
9360
9361
93617
9362
9363
9364
9365
93652
9366
9367
93672
9368
9369
937
9370
9371
93717
9372
93721
93725
93725070
9374
9375
93778
93779
938
9381
9383
93835
9384
9385
9386
93861
9387
93872
9388
93880
9389
939
9390
9391
9392
9393
93930
9394
9395
9396
9397
9398
94
940
9400
9401
94016
94043
9406
94066
9409
94093
941
941055
9411
94111
94112
94117
94119
9412
94124
94139
9415
9416
941628
9417
94179
9418
942
9420
94223
9423
94231
94234
94235
9424
9425
9426
9427
9429
943
9430
943077
9431
9434
9434750
9435
9436
94362
9437
94371
9437250
9438
944
9440
9441
9443
944480
944488
9445
94471
9448
945
94511
94514
9453
9454
94563
9458891
946
9461
94611
9464
9465
94671
9469
947
9470
9470463
9471
94711
94713
9472
9473
9474
94740
94751
9476
9477
94791
948
9480
9482
9485
9487
9488
949
9495
9497
94974
9499
95
950
9500
95000
9501
9503
9505
9506
9507
9508
9509
951
9510
9511
95111
95112
95113
95114
95115
95117
9512
95122
95124
95127
95129
9514
9515
95158
9516
95161
95163
9517
952
9520
9521
9523
95234
95238
95239
9524
9525
95254
95256
95258
9526
9528
953
9530
9531
9532
95327
9533
95337705
9534
9535
95356
9536
95362
9537
95371
95373
95374
95378
9538
954
9540
95429
9544
95443
95446
9545
9549
955
9550
9551
95511
95514
9553
9554
9556
9557
9558
9559
956
9560
956000010844741
95609
9561
95613
95615
95616
9562
9563
9564
9565
9566
95661
9567
95694
95699
957
95711
95716
95717
95718
9574
9575
95764
9577
95770
95771
95772
958
95811
95812
9583
9585
95850
9586
9587
9588
958880
9589
959
9590
9591
9592
9593
9594
95954
9596
9597
9598
9599
96
960
9600
9601
9602
9603
9604
9605
9606
9607
9608
9609
961
9610
96101
9611
96114
96115
9612
96121
96122
96127
96129
9613
96133
96134
96138
9614
9615
9616
9617
9618
96181
96183
9619
962
9620
9621
96211
9622
9623
9624
9625
96251
96262
96266
9627
9628
963
9630
9631
9632
9633
9634
9635
9636
9637
9638
9639
964
9640
9641
9642
9643
96432
9644
9645
9646
96466
9647
9648
965
9650
9651
9652
9653
9654
9655
96554
9656
9657
9658
9659
966
9660
9661
9662
9663
9664
9664713
9665
96651
9666
9667
96672
9668
9669
9669145
966950
967
9670
9671
9672
9673
9674
9675
9676
96769
9677
9678
9679
968
9680
9681
9682
9683
9686
9688
9689
969
9690
9691
9692
9693
9694
9695
96954
9696
9697
9698
9699
97
970
9700
970000
9701
9702
9703
9704
9705
9706
9707
9708
9709
971
9710
9711
97112
9712
97121
97123
97124
97126
97127
97128
9713
9714
9715
9716
97178
972
9720
9721
972193
972281
97232
97236
9726
9727
9728
9729
973
9730
9731
973105
9733
9734
9735
9736
9737
9738
9739
974
9740
9741
9742
9743
9744
9745
9746
9747
9748
9749
975
9750
975001030250318527
97508671404166678130047
9751
97512
9752
975247
9753
9754
975405
9756
9757
9758
9759
976
9760
9761
97611
97612
9762
9763
9765
9766
97664
9767
9768
977
9770
9771
97714
97716
97717
97718
9772
97721
97727
9773
9774
97751
977533708343
9775567
9776
97762
9777
97771
9779
97791
978
9780
9780521864695
9781
97812
9782
9784
9785
97850
97852
9786
9788
9789240030824
9789812308658
9789971693770
979
9790
9791
9792
9793
9794
9795
9796
979650
9797
9798
9799
98
980
9800
9801
9802
9803
9804
9805
9806
9807
9808
98086
9809
981
9810
98108
9811
98111
9811583
98118
9812
9812302123
981311
9814
9815
9816
9817
9818
98188
9819
982
9820
9820849
9821
98211
9822
9823
9824
9825
9826
98261
9827
9828
9829
983
9830
9831
98311
98312
983139
98315
9832
98328
9833
9834
9835
9836
9837
9838
9839
984
9840
9841
98412
98415
98416
98418
9842
9843
9844
98445
9845
98457
9846
98468
9847
98478
9848
9849
985
9850
9851
9852
9853
9854
9855
9856
9857
9858
9859
98590
986
9860
9861
98611
98613
9862
9863
9864
98643
9865
9866
9867
9868
9869
987
9870
9871
9872
9873
9874
9875
98750364
9876
9877
9878
9879
988
9880
9880368
98808
9881
98816
9882
9883
98831
9884
9885
9886
98865
9887
98874
9888
98899
989
9890
98901
9891
9892
9893
9894
9896
9897
9899
99
990
9900
99000
99003395
99003396
99005447
9901
99015959
9902
9903
99037772
9904
99042852
99044329
9905
9906
9907
9908
9909
991
9910
99100
99100258
99103048
99105
9911
99111
99112
99119
9912
9914
99147611
9915
99150946
9916
9917
99170
9918
99196
992
9920
99218511
9922
99225
99227
9923
9924
992433290
99246045
99246168
99246996
99249555
9925159
9926
9927
99277052
99277296
99279
9928
9929
99299
993
9930
9931
99312
9934
9935
99351
99352
99358
99359
99367
9937
9938
9939
994
9941
99422
99428293
9944
99445511
99445548
9944688
9945
994532105
9947
9948
9949
995
9950
99500
9950182
9951
99511
99521
99531
99533772
9954
9955
9956
99562
99573
9958
9959
996
9960
99600
99601
9961
99614
9962
9963
9964
99648
9965
9966
99663
9967
99671
99677
9969
997
9970
99701555
9971
9972
99720
9973
99730
99731
9974
9975
99754
9976
9977
9978
9979
998
9980
9981
9982
9982351
99830
9984
99841733
99858702
9986
9987
99872
998800
99885
9989
999
9990
99900
9991
999100
9992
9993
9994
999400
99944
9995
9996
9997
999700
99971
9998
99983
99988
9999
99998
99999
999999
١٩٨١
١٩٩١
١٩٩٣
١٩٩٤
١٩٩٥
١٩٩٨
۱۹۸۱
۱۹۹۱
۱۹۹۳
۱۹۹۴
۱۹۹۵
۱۹۹۸
१९८१
१९९१
१९९३
१९९४
१९९५
१९९८
১৯৮১
১৯৯১
১৯৯৩
১৯৯৪
১৯৯৫
১৯৯৮
૧૯૯૩
୧୯୮୧
୧୯୯୧
୧୯୯୩
୧୯୯୪
୧୯୯୫
୧୯୯୮
೧೯೮೧
೧೯೯೧
೧೯೯೩
೧೯೯೪
೧೯೯೫
೧೯೯೮
༡༩༨༡
၁၉၈၁
၁၉၉၁
၁၉၉၃
၁၉၉၄
၁၉၉၅
၁၉၉၈
